<config>
	<!-- Reviewed by 7DAYSTODIE_JP. We just revised to remove some warnings/errors but did not look carefully. Join Discord to report bugs, supports and requests. Discord: https://discord.gg/Va9CMv59Ej -->
	<append xpath="/items">
		<item name="questToCRewardT2FoodBundle">
			<property name="Extends" value="noteTestersDelightAdmin"/>
			<property name="CreativeMode" value="Player"/>
			<property name="CustomIcon" value="bundleFood"/>
			<property name="CustomIconTint" value="FFFFFF"/>
			<property name="ItemTypeIcon" value="bundle"/>
			<property name="DescriptionKey" value="questRewardFoodBundleDesc"/>
			<property class="Action0">
				<property name="Create_item" value="resourcePaper"/>
				<property name="Create_item_count" value="0"/>
				<property name="Random_item" value="foodVegetableStew,foodMeatStew,foodBlueberryPie,foodSteakAndPotato,foodPumpkinPie,foodPumpkinCheesecake,foodPumpkinBread"/>
				<property name="Random_item_count" value="1-5,1-5,1-5,1-5,1-5,1-5,1-5"/>
				<property name="Random_count" value="1"/>
				<property name="Unique_random_only" value="true"/>
			</property>
		</item>
		<item name="questToCRewardT3FoodBundle">
			<property name="Extends" value="noteTestersDelightAdmin"/>
			<property name="CreativeMode" value="Player"/>
			<property name="CustomIcon" value="bundleFood"/>
			<property name="CustomIconTint" value="FFFFFF"/>
			<property name="ItemTypeIcon" value="bundle"/>
			<property name="DescriptionKey" value="questRewardFoodBundleDesc"/>
			<property class="Action0">
				<property name="Create_item" value="resourcePaper"/>
				<property name="Create_item_count" value="0"/>
				<property name="Random_item" value="foodShamChowder,foodHoboStew,foodChiliDog,foodFishTacos"/>
				<property name="Random_item_count" value="1-5,1-5,1-5,1-5"/>
				<property name="Random_count" value="2"/>
				<property name="Unique_random_only" value="true"/>
			</property>
		</item>
		<item name="questToCRewardT4FoodBundle">
			<property name="Extends" value="noteTestersDelightAdmin"/>
			<property name="CreativeMode" value="Player"/>
			<property name="CustomIcon" value="bundleFood"/>
			<property name="CustomIconTint" value="FFFFFF"/>
			<property name="ItemTypeIcon" value="bundle"/>
			<property name="DescriptionKey" value="questRewardFoodBundleDesc"/>
			<property class="Action0">
				<property name="Create_item" value="resourcePaper"/>
				<property name="Create_item_count" value="0"/>
				<property name="Random_item" value="foodGumboStew,foodShepardsPie,foodSpaghetti,foodTunaFishGravyToast"/>
				<property name="Random_item_count" value="1-5,1-5,1-5,1-5"/>
				<property name="Random_count" value="2"/>
				<property name="Unique_random_only" value="true"/>
			</property>
		</item>
		<item name="questitem_coin_taza">
			<property name="Extends" value="casinoCoin"/>
			<property name="CustomIcon" value="casinoCoin"/>
			<property name="CustomIconTint" value="2eb200"/>
			<property name="Stacknumber" value="1"/>
			<property name="Tags" value="ToC_coin"/>
		</item>
		<item name="questitem_vetcoin_taza">
			<property name="Extends" value="casinoCoin"/>
			<property name="CustomIcon" value="casinoCoin"/>
			<property name="CustomIconTint" value="7fa6ff"/>
			<property name="Stacknumber" value="1"/>
			<property name="Tags" value="ToC_coin"/>
		</item>
		<item name="questitem_toc_taza_name">
			<property name="DescriptionKey" value="questitem_toc_taza_description"/>
			<property name="CustomIcon" value="challengeQuestMaster"/>
			<property name="CustomIconTint" value="ddccbe"/>
			<property name="Extends" value="questMaster"/>
			<property name="Material" value="MresourcePaper"/>
			<property class="Action0">
				<property name="Class" value="Quest"/>
				<property name="QuestGiven" value="Quest_For_Tazas_Axe_Start"/>
				<property name="Delay" value="0"/>
			</property>
			<property name="Group" value="Special Items"/>
		</item>
		<item name="questwrit_toc_taza_name">
			<property name="DescriptionKey" value="questwrit_toc_taza_description"/>
			<property name="CustomIcon" value="questMaster"/>
			<property name="CustomIconTint" value="c0c0c0"/>
			<property name="Extends" value="resourcePaper"/>
			<property name="Material" value="MresourcePaper"/>
			<property name="Stacknumber" value="1"/>
			<property name="NoScrapping" value="true"/>
			<property name="Group" value="Special Items"/>
			<property name="SellableToTrader" value="false"/>
			<property class="Action0">
				<property name="Class" value="Quest"/>
				<property name="QuestGiven" value="Reward_of_Tazas_Axe"/>
				<property name="Delay" value="0"/>
			</property>
			<property name="Group" value="Special Items"/>
		</item>
		<item name="vetquestitem_toc_taza_name">
			<property name="DescriptionKey" value="vetquestitem_toc_taza_description"/>
			<property name="CustomIcon" value="challengeQuestMaster"/>
			<property name="CustomIconTint" value="ddccbe"/>
			<property name="Extends" value="questMaster"/>
			<property name="Material" value="MresourcePaper"/>
			<property class="Action0">
				<property name="Class" value="Quest"/>
				<property name="QuestGiven" value="Vet_Quest_For_Tazas_Axe_Start"/>
				<property name="Delay" value="0"/>
			</property>
			<property name="Group" value="Special Items"/>
		</item>
		<item name="vetquestwrit_toc_taza_name">
			<property name="DescriptionKey" value="vetquestwrit_toc_taza_description"/>
			<property name="CustomIcon" value="questMaster"/>
			<property name="CustomIconTint" value="c0c0c0"/>
			<property name="Extends" value="resourcePaper"/>
			<property name="Material" value="MresourcePaper"/>
			<property name="Stacknumber" value="1"/>
			<property name="NoScrapping" value="true"/>
			<property name="SellableToTrader" value="false"/>
			<property name="Group" value="Special Items"/>
			<property class="Action0">
				<property name="Class" value="Quest"/>
				<property name="QuestGiven" value="Veteran_Reward_of_Tazas_Axe"/>
				<property name="Delay" value="0"/>
			</property>
		</item>
	</append>
	<!-- Code to Make Taza's Axe MORE Awesome -->
	<set xpath="/items/item[@name='meleeToolRepairT0TazasStoneAxe']/effect_group[@name='meleeToolRepairT0TazasStoneAxe']/passive_effect[@name='BlockDamage' and @operation='base_set']/@value">23</set>
	<set xpath="/items/item[@name='meleeToolRepairT0TazasStoneAxe']/effect_group[@name='meleeToolRepairT0TazasStoneAxe']/passive_effect[@name='BlockDamage' and @operation='perc_add' and @tier='2,6']/@value">.15,.55</set>
	<set xpath="/items/item[@name='meleeToolRepairT0TazasStoneAxe']/effect_group[@name='meleeToolRepairT0TazasStoneAxe']/passive_effect[@name='StaminaLoss' and @operation='base_set']/@value">7</set>
	<!-- Revised by 7DAYSTODIE_JP -->
	<!-- <set xpath="/items/item[@name='meleeToolRepairT0TazasStoneAxe']/effect_group[@name='meleeToolRepairT0TazasStoneAxe']/passive_effect[@name='StaminaLoss' and @operation='perc_add']/@value">-.15,.15</set> -->
	<append xpath="/items/item[@name='meleeToolRepairT0TazasStoneAxe']/effect_group[@name='meleeToolRepairT0TazasStoneAxe']">
		<passive_effect name="StaminaLoss" operation="perc_add" value="-.15,.15"/>
	</append>
	<!-- END -->
	<set xpath="/items/item[@name='meleeToolRepairT0TazasStoneAxe']/effect_group[@name='meleeToolRepairT0TazasStoneAxe']/passive_effect[@name='AttacksPerMinute' and @operation='base_set']/@value">120</set>
	<!-- Revised by 7DAYSTODIE_JP -->
	<!-- <set xpath="/items/item[@name='meleeToolRepairT0TazasStoneAxe']/effect_group[@name='meleeToolRepairT0TazasStoneAxe']/passive_effect[@name='AttacksPerMinute' and @operation='perc_add']/@value">-.1,.1</set> -->
	<append xpath="/items/item[@name='meleeToolRepairT0TazasStoneAxe']/effect_group[@name='meleeToolRepairT0TazasStoneAxe']">
		<passive_effect name="AttacksPerMinute" operation="perc_add" value="-.15,.15" tags="perkMiner69r"/>
	</append>
	<!-- END -->
	<set xpath="/items/item[@name='meleeToolRepairT0TazasStoneAxe']/effect_group[@name='meleeToolRepairT0TazasStoneAxe']/passive_effect[@name='BlockRange']/@value">4</set>
</config>
