<config>
<!-- Reviewed by 7DAYSTODIE_JP. We just revised to remove some warnings/errors but did not look carefully. Join Discord to report bugs, supports and requests. Discord: https://discord.gg/Va9CMv59Ej -->
	<append xpath="/lootcontainers">
		<lootgroup name="groupWhiteRiverTOCTazaAxe" loot_quality_template="questT2QualTemplate">
			<item name="meleeToolRepairT0TazasStoneAxe"/>
		</lootgroup>
		<lootgroup name="groupWhiteRiverTOCTazaAxeVeteran" loot_quality_template="questT3QualTemplate">
			<item name="meleeToolRepairT0TazasStoneAxe"/>
		</lootgroup>
		<lootgroup name="groupToCQuestT2Food" count="all">
			<item name="questToCRewardT2FoodBundle"/>
		</lootgroup>
		<lootgroup name="groupToCQuestT3Food" count="all">
			<item name="questToCRewardT3FoodBundle"/>
		</lootgroup>
		<lootgroup name="groupToCQuestT4Food" count="all">
			<item name="questToCRewardT4FoodBundle"/>
		</lootgroup>
	</append>
</config>
