<config>
<!-- Reviewed by 7DAYSTODIE_JP. We just revised to remove some warnings/errors but did not look carefully. Join Discord to report bugs, supports and requests. Discord: https://discord.gg/Va9CMv59Ej -->
	<append xpath="/quests">
		<quest id="Quest_For_Tazas_Axe_Start">
			<property name="name_key" value="quest_toc_taza_name"/>
			<property name="subtitle_key" value="quest_toc_taza_subtitle"/>
			<property name="description_key" value="quest_toc_taza_description"/>
			<property name="icon" value="ui_game_symbol_map_trader"/>
			<property name="repeatable" value="true"/>
			<property name="category_key" value="quest"/>
			<property name="difficulty" value="easy"/>
			<property name="offer_key" value="quest_toc_taza_offer"/>
			<property name="statement_key" value="quest_toc_taza_statement"/>
			<property name="response_key" value="questdialog_toc_taza"/>
			<property name="group_name_key" value="quest_toc_taza_group"/>
			<property name="shareable" value="false"/>
			<reward type="Quest" id="Quest_For_Tazas_Axe"/>
			<reward type="Item" id="questitem_coin_taza" count="1"/>
		</quest>
		<quest id="Quest_For_Tazas_Axe">
			<property name="name_key" value="quest_toc_taza_name"/>
			<property name="subtitle_key" value="quest_toc_taza_subtitle"/>
			<property name="description_key" value="quest_toc_taza_description"/>
			<property name="icon" value="ui_game_symbol_map_trader"/>
			<property name="repeatable" value="true"/>
			<property name="category_key" value="quest"/>
			<property name="difficulty" value="easy"/>
			<property name="offer_key" value="quest_toc_taza_offer"/>
			<property name="statement_key" value="quest_toc_taza_statement"/>
			<property name="response_key" value="questdialog_toc_taza"/>
			<property name="group_name_key" value="quest_toc_taza_group"/>
			<property name="shareable" value="false"/>
			<objective type="FetchKeep" id="resourceRockSmall" value="400" phase="1"/>
			<objective type="FetchKeep" id="meleeToolRepairT0StoneAxe" value="20" phase="1"/>
			<objective type="FetchKeep" id="resourcePaper" value="1" phase="1"/>
			<objective type="Craft" id="questwrit_toc_taza_name" value="1" phase="2"/>
			<reward type="Exp" value="1500"/>
		</quest>
		<quest id="Reward_of_Tazas_Axe">
			<property name="name_key" value="questreward_toc_taza_name"/>
			<property name="subtitle_key" value="questreward_toc_taza_subtitle"/>
			<property name="description_key" value="questreward_toc_taza_description"/>
			<property name="completion_key" value="quest_toc_taza_completion"/>
			<property name="icon" value="ui_game_symbol_map_trader"/>
			<property name="repeatable" value="true"/>
			<property name="category_key" value="quest"/>
			<property name="difficulty" value="easy"/>
			<property name="offer_key" value="questreward_toc_taza_offer"/>
			<property name="statement_key" value="questreward_toc_taza_statement"/>
			<property name="response_key" value="questrewarddialog_toc_taza"/>
			<property name="group_name_key" value="quest_toc_taza_group"/>
			<property name="shareable" value="false"/>
			<property name="completiontype" value="TurnIn"/>
			<property name="reward_choices_count" value="3"/>
			<objective type="Goto" value="5" phase="1"/>
			<objective type="ReturnToNPC">
				<property name="phase" value="2"/>
				<property name="nav_object" value="return_to_trader"/>
			</objective>
			<objective type="InteractWithNPC">
				<property name="phase" value="3"/>
				<property name="nav_object" value="return_to_trader"/>
				<property name="use_closest" value="true"/>
			</objective>
			<reward type="Exp" value="1500"/>
			<reward type="Item" id="casinoCoin" value="560"/>
			<reward type="Item" id="questitem_toc_citizencard_name" value="1" isfixed="true"/>
			<reward type="LootItem" id="groupWhiteRiverTOCTazaAxe" value="1" isfixed="true"/>
			<reward type="LootItem" id="groupWhiteRiverTOCConcreteBlocks" isfixed="true" value="2"/>
			<reward type="LootItem" id="groupQuestMedical" ischosen="true" value="2"/>
			<reward type="LootItem" id="groupQuestMods" ischosen="true" value="2"/>
			<reward type="LootItem" id="groupToCQuestT2Food" ischosen="true" value="2"/>
		</quest>
		<quest id="Vet_Quest_For_Tazas_Axe_Start">
			<property name="name_key" value="vetquest_toc_taza_name"/>
			<property name="subtitle_key" value="vetquest_toc_taza_subtitle"/>
			<property name="description_key" value="vetquest_toc_taza_description"/>
			<property name="icon" value="ui_game_symbol_map_trader"/>
			<property name="repeatable" value="true"/>
			<property name="category_key" value="quest"/>
			<property name="difficulty" value="easy"/>
			<property name="offer_key" value="vetquest_toc_taza_offer"/>
			<property name="statement_key" value="vetquest_toc_taza_statement"/>
			<property name="response_key" value="vetquestdialog_toc_taza"/>
			<property name="group_name_key" value="vetquest_toc_taza_group"/>
			<property name="shareable" value="false"/>
			<reward type="Quest" id="Vet_Quest_For_Tazas_Axe"/>
			<reward type="Item" id="questitem_vetcoin_taza" count="1"/>
		</quest>
		<quest id="Vet_Quest_For_Tazas_Axe">
			<property name="name_key" value="vetquest_toc_taza_name"/>
			<property name="subtitle_key" value="vetquest_toc_taza_subtitle"/>
			<property name="description_key" value="vetquest_toc_taza_description"/>
			<property name="icon" value="ui_game_symbol_map_trader"/>
			<property name="repeatable" value="true"/>
			<property name="category_key" value="quest"/>
			<property name="difficulty" value="easy"/>
			<property name="offer_key" value="vetquest_toc_taza_offer"/>
			<property name="statement_key" value="vetquest_toc_taza_statement"/>
			<property name="response_key" value="vetquestdialog_toc_taza"/>
			<property name="group_name_key" value="vetquest_toc_taza_group"/>
			<property name="shareable" value="false"/>
			<objective type="FetchKeep" id="resourceRockSmall" value="4000" phase="1"/>
			<objective type="FetchKeep" id="resourceYuccaFibers" value="200" phase="1"/>
			<objective type="FetchKeep" id="meleeToolRepairT0StoneAxe" value="20" phase="1"/>
			<objective type="FetchKeep" id="resourcePaper" value="1" phase="1"/>
			<objective type="Craft" id="vetquestwrit_toc_taza_name" value="1" phase="2"/>
			<reward type="Exp" value="500"/>
		</quest>
		<quest id="Veteran_Reward_of_Tazas_Axe">
			<property name="name_key" value="vetquest_toc_taza_name"/>
			<property name="subtitle_key" value="vetquest_toc_taza_subtitle"/>
			<property name="description_key" value="vetquest_toc_taza_description"/>
			<property name="completion_key" value="quest_toc_taza_completion"/>
			<property name="icon" value="ui_game_symbol_map_trader"/>
			<property name="repeatable" value="true"/>
			<property name="category_key" value="quest"/>
			<property name="difficulty" value="easy"/>
			<property name="offer_key" value="vetquest_toc_taza_offer"/>
			<property name="statement_key" value="vetquest_toc_taza_statement"/>
			<property name="response_key" value="vetquestdialog_toc_taza"/>
			<property name="group_name_key" value="vetquest_toc_taza_group"/>
			<property name="shareable" value="false"/>
			<property name="completiontype" value="TurnIn"/>
			<property name="reward_choices_count" value="3"/>
			<objective type="Goto" value="5" phase="1"/>
			<objective type="ReturnToNPC">
				<property name="phase" value="2"/>
				<property name="nav_object" value="return_to_trader"/>
			</objective>
			<objective type="InteractWithNPC">
				<property name="phase" value="3"/>
			</objective>
			<reward type="Exp" value="1500"/>
			<reward type="LootItem" id="groupQuestcasinoCoinT1" value="1"/>
			<reward type="LootItem" id="groupWhiteRiverTOCTazaAxeVeteran" value="1" isfixed="true"/>
			<reward type="LootItem" id="groupWhiteRiverTOCConcreteBlocks" isfixed="true" value="2"/>
			<reward type="LootItem" id="groupQuestMedical" ischosen="true" value="2"/>
			<reward type="LootItem" id="groupQuestAmmo" ischosen="true" value="2"/>
			<reward type="LootItem" id="groupQuestWeapons" ischosen="true" value="2"/>
		</quest>
	</append>
</config>
