<config>
<!-- Reviewed by 7DAYSTODIE_JP. We just revised to remove some warnings/errors but did not look carefully. Join Discord to report bugs, supports and requests. Discord: https://discord.gg/Va9CMv59Ej -->
	<append xpath="/recipes">
		<!-- The quest and goal item to craft for reward for: Taza's Axe -->
		<recipe name="questitem_toc_taza_name" count="1" craft_time="1" craft_exp_gain="0">
			<ingredient name="questitem_toc_citizencard_name" count="1"/>
		</recipe>
		<recipe name="questwrit_toc_taza_name" count="1" craft_time="90" craft_exp_gain="10000">
			<ingredient name="resourceRockSmall" count="400"/>
			<ingredient name="meleeToolRepairT0StoneAxe" count="20"/>
			<ingredient name="resourcePaper" count="1"/>
			<ingredient name="questitem_coin_taza" count="1"/>
		</recipe>
		<!-- The quest and goal item to craft for reward for: Taza's Axe -->
		<recipe name="vetquestitem_toc_taza_name" count="1" craft_time="1" craft_exp_gain="0">
			<ingredient name="questitem_toc_veterancard_name" count="1"/>
		</recipe>
		<recipe name="vetquestwrit_toc_taza_name" count="1" craft_time="300" craft_exp_gain="20000">
			<ingredient name="resourceRockSmall" count="4000"/>
			<ingredient name="resourceYuccaFibers" count="200"/>
			<ingredient name="meleeToolRepairT0StoneAxe" count="20"/>
			<ingredient name="resourcePaper" count="1"/>
			<ingredient name="questitem_vetcoin_taza" count="1"/>
		</recipe>
	</append>	
</config>