<config>
	<!-- Reviewed by 7DAYSTODIE_JP. We just revised to remove some warnings/errors but did not look carefully. Join Discord to report bugs, supports and requests. Discord: https://discord.gg/Va9CMv59Ej -->
	<append xpath="/items">
		<item name="questitem_coin_everdeen">
			<property name="Extends" value="casinoCoin"/>
			<property name="CustomIcon" value="casinoCoin"/>
			<property name="CustomIconTint" value="2eb200"/>
			<property name="Stacknumber" value="1"/>
			<property name="Tags" value="ToC_coin"/>
		</item>
	</append>
	<!-- Implement the new Arrows and Bolts into Vanilla Compound Bow & Wooden Bow -->
	<!-- Thanks to wyldwitchykat for the append code below -->
	<append xpath="/items/item[@name='gunBowT1WoodenBow']/property[@class='Action0']/property[@name='Magazine_items']/@value">,item_toc_earrows_name</append>
	<append xpath="/items/item[@name='gunBowT0PrimitiveBow']/property[@class='Action0']/property[@name='Magazine_items']/@value">,item_toc_earrows_name</append>
	<append xpath="/items/item[@name='gunBowT3CompoundBow']/property[@class='Action0']/property[@name='Magazine_items']/@value">,item_toc_earrows_name</append>
	<!-- A separate entry for this one, so if the Bambi mod isnt included this line will only generate a warning in the server logs -->
	<!-- Temporary changed by 7DAYSTODIE_JP -->
	<!-- <append xpath="/items/item[@name='item_toc_bambi_name']/property[@class='Action0']/property[@name='Magazine_items']/@value">,item_toc_earrows_name</append>
	<append xpath="/items/item[@name='eliteitem_toc_bambi_name']/property[@class='Action0']/property[@name='Magazine_items']/@value">,item_toc_earrows_name</append> -->
	<append xpath="/items/item[@name='gunBowT1IronCrossbow']/property[@class='Action0']/property[@name='Magazine_items']/@value">,item_toc_ebolts_name</append>
	<append xpath="/items/item[@name='gunBowT3CompoundCrossbow']/property[@class='Action0']/property[@name='Magazine_items']/@value">,item_toc_ebolts_name</append>
	<!-- Entries for the Daryls Crossbow mod. If it isn't installed, this line will generate a warning -->
	<append xpath="/items/item[@name='vetitem_toc_daryl_name']/property[@class='Action0']/property[@name='Magazine_items']/@value">,item_toc_ebolts_name</append>
	<append xpath="/items/item[@name='eliteitem_toc_daryl_name']/property[@class='Action0']/property[@name='Magazine_items']/@value">,item_toc_ebolts_name</append>
	<append xpath="/items">
		<item name="questitem_toc_earrows_name">
			<property name="DescriptionKey" value="questitem_toc_earrows_desc"/>
			<property name="CustomIcon" value="challengeQuestMaster"/>
			<property name="CustomIconTint" value="ddccbe"/>
			<property name="Extends" value="questMaster"/>
			<property name="Material" value="MresourcePaper"/>
			<property class="Action0">
				<property name="Class" value="Quest"/>
				<property name="QuestGiven" value="+Quest For Everdeen's Arrows Start"/>
				<property name="Delay" value="0"/>
			</property>
			<property name="Group" value="Special Items"/>
		</item>
		<item name="writitem_toc_earrows_name">
			<property name="DescriptionKey" value="writitem_toc_earrows_desc"/>
			<property name="CustomIcon" value="questMaster"/>
			<property name="CustomIconTint" value="c0c0c0"/>
			<property name="Extends" value="resourcePaper"/>
			<property name="Material" value="MresourcePaper"/>
			<property name="Stacknumber" value="1"/>
			<property name="NoScrapping" value="true"/>
			<property name="Group" value="Special Items"/>
			<property name="SellableToTrader" value="false"/>
			<property class="Action0">
				<property name="Class" value="Quest"/>
				<property name="QuestGiven" value="+Reward of Everdeen's Arrows"/>
				<property name="Delay" value="0"/>
			</property>
			<property name="Group" value="Special Items"/>
		</item>
		<item name="questitem_toc_ebolts_name">
			<property name="DescriptionKey" value="questitem_toc_ebolts_desc"/>
			<property name="CustomIcon" value="challengeQuestMaster"/>
			<property name="CustomIconTint" value="ddccbe"/>
			<property name="Extends" value="questMaster"/>
			<property name="Material" value="MresourcePaper"/>
			<property class="Action0">
				<property name="Class" value="Quest"/>
				<property name="QuestGiven" value="+Quest For Everdeen's Bolts Start"/>
				<property name="Delay" value="0"/>
			</property>
			<property name="Group" value="Special Items"/>
		</item>
		<item name="writitem_toc_ebolts_name">
			<property name="DescriptionKey" value="writitem_toc_ebolts_desc"/>
			<property name="CustomIcon" value="questMaster"/>
			<property name="CustomIconTint" value="c0c0c0"/>
			<property name="Extends" value="resourcePaper"/>
			<property name="Material" value="MresourcePaper"/>
			<property name="Stacknumber" value="1"/>
			<property name="NoScrapping" value="true"/>
			<property name="Group" value="Special Items"/>
			<property name="SellableToTrader" value="false"/>
			<property class="Action0">
				<property name="Class" value="Quest"/>
				<property name="QuestGiven" value="+Reward of Everdeen's Bolts"/>
				<property name="Delay" value="0"/>
			</property>
			<property name="Group" value="Special Items"/>
		</item>
		<item name="item_toc_earrows_name">
			<property name="DescriptionKey" value="item_toc_earrows_desc"/>
			<property name="Extends" value="ammoArrowIron"/>
			<property name="CustomIcon" value="ammoArrowSteelAP"/>
			<property name="Meshfile" value="@:Other/Items/Weapons/Ranged/Bows/WoodenBow/bodkinArrowPrefab.prefab"/>
			<property name="StickyMeshFile" value="@:Other/Items/Weapons/Ranged/Bows/WoodenBow/bodkinArrowPrefab.prefab"/>
			<property name="EconomicValue" value="65"/>
			<property name="EconomicBundleSize" value="5"/>
			<property name="StickyOffset" value=".4"/>
			<property name="UnlockedBy" value="perkRangersAPAmmo"/>
			<effect_group name="item_toc_earrows_name" tiered="false">
				<!-- ammoArrowSteelAP -->
				<passive_effect name="EntityDamage" operation="base_set" value="42"/>
				<passive_effect name="BlockDamage" operation="base_set" value="6"/>
				<passive_effect name="TargetArmor" operation="perc_add" value="-.2"/>
				<display_value name="dTargetArmor" value="-.2"/>
				<passive_effect name="DamageModifier" operation="perc_set" value=".1" tags="wood"/>
				<passive_effect name="DamageModifier" operation="perc_set" value="0" tags="earth,metal,cloth"/>
				<passive_effect name="ProjectileVelocity" operation="base_set" value="65"/>
			</effect_group>
			<effect_group tiered="false">
				<!-- perkRangersCripplingShot, Shots to the leg with arrows slow your opponent -->
				<triggered_effect trigger="onProjectileImpact" action="AddBuff" target="other" buff="buffInjuryCrippled01">
					<requirement name="ProgressionLevel" progression_name="perkRangersCripplingShot" operation="Equals" value="1"/>
					<requirement name="HitLocation" body_parts="LeftUpperLeg,RightUpperLeg,LeftLowerLeg,RightLowerLeg"/>
				</triggered_effect>
				<!-- perkRangersKnockdown, Successful sneak attacks with arrows have a 20% greater chance of knocking down the target -->
				<triggered_effect trigger="onProjectileImpact" action="AddBuff" target="other" buff="buffInjuryKnockdown01">
					<requirement name="ProgressionLevel" progression_name="perkRangersKnockdown" operation="Equals" value="1"/>
					<requirement name="CVarCompare" cvar="_crouching" operation="Equals" value="1"/>
					<requirement name="CVarCompare" cvar="_notAlerted" operation="Equals" value="1" target="other"/>
					<requirement name="RandomRoll" seed_type="Random" min_max="0,100" operation="LTE" value="20"/>
				</triggered_effect>
			</effect_group>
			<effect_group tiered="false">
				<passive_effect name="TargetArmor" operation="perc_add" value="-.1">
					<requirement name="ProgressionLevel" progression_name="perkPenetrator" operation="Equals" value="1"/>
				</passive_effect>
				<passive_effect name="TargetArmor" operation="perc_add" value="-.2">
					<requirement name="ProgressionLevel" progression_name="perkPenetrator" operation="Equals" value="2"/>
				</passive_effect>
				<passive_effect name="TargetArmor" operation="perc_add" value="-.3">
					<requirement name="ProgressionLevel" progression_name="perkPenetrator" operation="Equals" value="3"/>
				</passive_effect>
				<passive_effect name="TargetArmor" operation="perc_add" value="-.35">
					<requirement name="ProgressionLevel" progression_name="perkPenetrator" operation="GTE" value="4"/>
				</passive_effect>
			</effect_group>
		</item>
		<item name="item_toc_ebolts_name">
			<property name="DescriptionKey" value="item_toc_ebolts_desc"/>
			<property name="Extends" value="ammoCrossbowBoltIron"/>
			<property name="CustomIcon" value="ammoCrossbowBoltSteelAP"/>
			<property name="Meshfile" value="@:Other/Items/Weapons/Ranged/Bows/Crossbow/crossbowBoltSteelPrefab.prefab"/>
			<property name="EconomicValue" value="80"/>
			<!--<property name="UnlockedBy" value="perkRangersAPAmmo"/>-->
			<property name="EconomicBundleSize" value="5"/>
			<property name="IsSticky" value="true"/>
			<property name="StickyOffset" value=".1"/>
			<property name="StickyColliderUp" value="2"/>
			<property name="StickyColliderRadius" value=".05"/>
			<property name="StickyColliderLength" value=".75"/>
			<effect_group name="item_toc_ebolts_name" tiered="false">
				<!-- ammoCrossbowBoltSteelAP -->
				<passive_effect name="EntityDamage" operation="base_set" value="55"/>
				<passive_effect name="BlockDamage" operation="base_set" value="8"/>
				<passive_effect name="TargetArmor" operation="perc_add" value="-.3"/>
				<display_value name="dTargetArmor" value="-.3"/>
				<passive_effect name="BlockDamage" operation="perc_set" value=".1" tags="wood"/>
				<passive_effect name="BlockDamage" operation="perc_set" value="0" tags="earth,metal,cloth"/>
				<passive_effect name="ProjectileVelocity" operation="base_set" value="92.5"/>
			</effect_group>
			<effect_group tiered="false">
				<!-- perkRangersCripplingShot, Shots to the leg with arrows slow your opponent -->
				<triggered_effect trigger="onProjectileImpact" action="AddBuff" target="other" buff="buffInjuryCrippled01">
					<requirement name="ProgressionLevel" progression_name="perkRangersCripplingShot" operation="Equals" value="1"/>
					<requirement name="HitLocation" body_parts="LeftUpperLeg,RightUpperLeg,LeftLowerLeg,RightLowerLeg"/>
				</triggered_effect>
				<!-- perkRangersKnockdown, Successful sneak attacks with arrows have a 20% greater chance of knocking down the target -->
				<triggered_effect trigger="onProjectileImpact" action="AddBuff" target="other" buff="buffInjuryKnockdown01">
					<requirement name="ProgressionLevel" progression_name="perkRangersKnockdown" operation="Equals" value="1"/>
					<requirement name="CVarCompare" cvar="_crouching" operation="Equals" value="1"/>
					<requirement name="CVarCompare" cvar="_notAlerted" operation="Equals" value="1" target="other"/>
					<requirement name="RandomRoll" seed_type="Random" min_max="0,100" operation="LTE" value="20"/>
				</triggered_effect>
			</effect_group>
			<effect_group tiered="false">
				<passive_effect name="TargetArmor" operation="perc_add" value="-.1">
					<requirement name="ProgressionLevel" progression_name="perkPenetrator" operation="Equals" value="1"/>
				</passive_effect>
				<passive_effect name="TargetArmor" operation="perc_add" value="-.2">
					<requirement name="ProgressionLevel" progression_name="perkPenetrator" operation="Equals" value="2"/>
				</passive_effect>
				<passive_effect name="TargetArmor" operation="perc_add" value="-.3">
					<requirement name="ProgressionLevel" progression_name="perkPenetrator" operation="Equals" value="3"/>
				</passive_effect>
				<passive_effect name="TargetArmor" operation="perc_add" value="-.35">
					<requirement name="ProgressionLevel" progression_name="perkPenetrator" operation="GTE" value="4"/>
				</passive_effect>
			</effect_group>
		</item>
	</append>
</config>
