<config>
	<!-- Reviewed by 7DAYSTODIE_JP. We just revised to remove some warnings/errors but did not look carefully. Join Discord to report bugs, supports and requests. Discord: https://discord.gg/Va9CMv59Ej -->
	<append xpath="lootcontainers">
		<lootgroup name="groupWhiteRiverTOCEverdeenArrows" loot_quality_template="questT3QualTemplate">
			<item name="item_toc_earrows_name" count="50,150"/>
		</lootgroup>
		<lootgroup name="groupWhiteRiverTOCEverdeenBolts" loot_quality_template="questT3QualTemplate">
			<item name="item_toc_ebolts_name" count="50,150"/>
		</lootgroup>
		<lootgroup name="groupWhiteRiverTOCEverdeenStew" loot_quality_template="questT3QualTemplate">
			<item name="foodVegetableStew" count="1,4"/>
		</lootgroup>
	</append>
</config>
