<config>
	<!-- Reviewed by 7DAYSTODIE_JP. We just revised to remove some warnings/errors but did not look carefully. Join Discord to report bugs, supports and requests. Discord: https://discord.gg/Va9CMv59Ej -->
	<append xpath="/blocks">
		<block name="treasureKuvaChest">
			<!-- Temporary changed by 7DAYSTODIE_JP -->
			<!-- do not rename, used for treasure_taylor etc -->
			<property name="Class" value="Loot"/>
			<property name="CustomIcon" value="cntCoffinWildWestClosed"/>
			<property name="Material" value="MwoodReinforced"/>
			<property name="StabilitySupport" value="false"/>
			<!-- build restriction -->
			<property name="Shape" value="ModelEntity"/>
			<property name="Texture" value="293"/>
			<!-- <property name="Mesh" value="models"/> -->
			<property name="Model" value="Entities/OutdoorDecor/coffinWildWestPrefab" param1="main_mesh"/>
			<property name="HandleFace" value="Bottom"/>
			<property name="ImposterExchange" value="imposterQuarter" param1="154"/>
			<property name="IsTerrainDecoration" value="true"/>
			<property name="LootList" value="WhiteRiverToCKuva01"/>
			<property name="CreativeMode" value="None"/>
			<drop event="Destroy" name="resourceWood" count="1,3"/>
			<drop event="Fall" name="terrDestroyedWoodDebris" count="1" prob="0.75" stick_chance="1"/>
			<property name="FilterTags" value="floot"/>
		</block>
	</append>
</config>
