<config>
	<!-- Reviewed by 7DAYSTODIE_JP. We just revised to remove some warnings/errors but did not look carefully. Join Discord to report bugs, supports and requests. Discord: https://discord.gg/Va9CMv59Ej -->
	<append xpath="lootcontainers">
		<lootgroup name="groupWhiteRiverTOCKuvaChest" loot_quality_template="questT1QualTemplate">
			<item name="item_toc_kuvared_chest_name"/>
		</lootgroup>
		<lootgroup name="groupWhiteRiverTOCKuvaLegs" loot_quality_template="questT1QualTemplate">
			<item name="item_toc_kuvared_legs_name"/>
		</lootgroup>
		<lootgroup name="groupWhiteRiverTOCKuvaLiner" loot_quality_template="questT1QualTemplate">
			<item name="item_toc_kuvaliner_name" count="1,3"/>
		</lootgroup>
		<lootgroup name="groupWhiteRiverTOCKuvaTwine" loot_quality_template="questT1QualTemplate">
			<item name="item_toc_kuvatwine_name" count="1,2"/>
		</lootgroup>
		<lootgroup name="groupWhiteRiverTOCKuvaTallow" loot_quality_template="questT1QualTemplate">
			<item name="item_toc_kuvatallow_name" count="0,1"/>
		</lootgroup>
		<lootgroup name="kuvaSchematics" count="all">
			<item name="schem_toc_kuvatallow_name"/>
			<item name="schem_toc_kuvaliner_name"/>
			<item name="schem_toc_kuvatwine_name"/>
			<item name="schem_toc_kuvasoles_name"/>
		</lootgroup>
		<lootcontainer id="361" name="WhiteRiverToCKuva01" count="1" size="3,3" sound_open="UseActions/open_garbage" sound_close="UseActions/close_garbage" loot_quality_template="qualBaseTemplate" destroy_on_close="true">
			<item group="kuvaSchematics" count="1"/>
		</lootcontainer>
	</append>
</config>
