<config>
	<!-- Reviewed by 7DAYSTODIE_JP. We just revised to remove some warnings/errors but did not look carefully. Join Discord to report bugs, supports and requests. Discord: https://discord.gg/Va9CMv59Ej -->
	<append xpath="/quests">
		<!-- Quest & Write for Kuva's Red Armor -->
		<quest id="+Quest For Kuva's Red Armor Start">
			<property name="name_key" value="quest_toc_kuva_name"/>
			<property name="subtitle_key" value="quest_toc_kuva_subtitle"/>
			<property name="description_key" value="quest_toc_kuva_desc"/>
			<property name="icon" value="ui_game_symbol_map_trader"/>
			<property name="repeatable" value="true"/>
			<property name="category_key" value="quest"/>
			<property name="difficulty" value="medium"/>
			<property name="offer_key" value="quest_toc_kuva_offer"/>
			<property name="statement_key" value="quest_toc_kuva_statement"/>
			<property name="response_key" value="questdialog_toc_kuva"/>
			<property name="group_name_key" value="quest_toc_kuva_group"/>
			<property name="shareable" value="false"/>
			<reward type="Quest" id="+Quest For Kuva's Red Armor"/>
			<reward type="Item" id="questitem_coin_kuva" count="1"/>
		</quest>
		<quest id="+Quest For Kuva's Red Armor">
			<property name="name_key" value="quest_toc_kuva_name"/>
			<property name="subtitle_key" value="quest_toc_kuva_subtitle"/>
			<property name="description_key" value="quest_toc_kuva_desc"/>
			<property name="icon" value="ui_game_symbol_map_trader"/>
			<property name="repeatable" value="true"/>
			<property name="category_key" value="quest"/>
			<property name="difficulty" value="medium"/>
			<property name="offer_key" value="quest_toc_kuva_offer"/>
			<property name="statement_key" value="quest_toc_kuva_statement"/>
			<property name="response_key" value="questdialog_toc_kuva"/>
			<property name="group_name_key" value="quest_toc_kuva_group"/>
			<property name="shareable" value="false"/>
			<objective type="FetchKeep" id="resourceLeather" value="50" phase="1"/>
			<objective type="FetchKeep" id="apparelCoatLeatherPoncho" value="2" phase="1"/>
			<objective type="FetchKeep" id="modDyeRed" value="1" phase="1"/>
			<objective type="FetchKeep" id="resourcePaper" value="1" phase="1"/>
			<objective type="Craft" id="writitem_toc_kuva_name" value="1" phase="2"/>
			<reward type="Exp" value="500"/>
		</quest>
		<quest id="+Reward of Kuva's Red Armor">
			<property name="name_key" value="questreward_toc_kuva_name"/>
			<property name="subtitle_key" value="questreward_toc_kuva_subtitle"/>
			<property name="description_key" value="questreward_toc_kuva_desc"/>
			<property name="icon" value="ui_game_symbol_map_trader"/>
			<property name="repeatable" value="true"/>
			<property name="category_key" value="quest"/>
			<property name="difficulty" value="easy"/>
			<property name="offer_key" value="questreward_toc_kuva_offer"/>
			<property name="statement_key" value="questreward_toc_kuva_statement"/>
			<property name="response_key" value="questrewarddialog_toc_kuva"/>
			<property name="group_name_key" value="quest_toc_kuva_group"/>
			<property name="shareable" value="false"/>
			<property name="completiontype" value="TurnIn"/>
			<property name="reward_choices_count" value="2"/>
			<objective type="Goto" value="5" phase="1"/>
			<objective type="ReturnToNPC">
				<property name="phase" value="2"/>
				<property name="nav_object" value="return_to_trader"/>
			</objective>
			<objective type="InteractWithNPC">
				<property name="phase" value="3"/>
				<property name="nav_object" value="return_to_trader"/>
			</objective>
			<reward type="Quest" id="+Discover Kuva's Red Armor"/>
			<reward type="Item" id="casinoCoin" value="560"/>
			<reward type="Exp" value="1000"/>
			<reward type="Item" id="questitem_toc_citizencard_name" value="1"/>
			<!-- This makes the quest repeatable -->
			<reward type="LootItem" id="groupWhiteRiverTOCKuvaChest" value="1"/>
			<reward type="LootItem" id="groupWhiteRiverTOCKuvaLegs" value="1"/>
			<reward type="LootItem" id="groupWhiteRiverTOCConcreteBlocks" value="1"/>
			<reward type="LootItem" id="groupQuestSchematics" ischosen="true" value="1"/>
			<reward type="LootItem" id="groupReading1" ischosen="true" value="1"/>
			<reward type="LootItem" id="groupQuestT1Books" ischosen="true" value="1"/>
			<reward type="LootItem" id="groupQuestMedical" ischosen="true" value="1"/>
		</quest>
		<!-- +Discover Kuva's Red Armor -->
		<quest id="+Discover Kuva's Red Armor">
			<property name="name_key" value="quest_toc_disckuva_name"/>
			<property name="subtitle_key" value="quest_toc_disckuva_subtitle"/>
			<property name="description_key" value="quest_toc_disckuva_desc"/>
			<property name="icon" value="ui_game_symbol_map_trader"/>
			<property name="repeatable" value="true"/>
			<property name="category_key" value="quest"/>
			<property name="difficulty" value="easy"/>
			<property name="offer_key" value="quest_toc_disckuva_offer"/>
			<property name="statement_key" value="quest_toc_disckuva_statement"/>
			<property name="response_key" value="questdialog_toc_disckuva"/>
			<property name="group_name_key" value="quest_toc_disckuva_group"/>
			<property name="shareable" value="false"/>
			<objective type="Wear" id="item_toc_kuvared_chest_name"/>
			<objective type="Wear" id="item_toc_kuvared_legs_name"/>
			<reward type="Item" id="questitem_toc_kuvatruth_name" value="1"/>
			<reward type="Exp" value="100"/>
		</quest>
		<!-- Discover the Truth behind Kuva's Red Armor -->
		<quest id="+Kuva's Red Armor Secret">
			<property name="name_key" value="questreward_toc_chalkuva_name"/>
			<property name="subtitle_key" value="questreward_toc_chalkuva_subtitle"/>
			<property name="description_key" value="questreward_toc_chalkuva_desc"/>
			<property name="icon" value="ui_game_symbol_map_trader"/>
			<property name="repeatable" value="true"/>
			<property name="category_key" value="quest"/>
			<property name="difficulty" value="easy"/>
			<property name="offer_key" value="questreward_toc_chalkuva_offer"/>
			<property name="statement_key" value="questreward_toc_chalkuva_statement"/>
			<property name="response_key" value="questrewarddialog_toc_chalkuva"/>
			<property name="group_name_key" value="quest_toc_disckuva_group"/>
			<property name="shareable" value="false"/>
			<reward type="Exp" value="100"/>
		</quest>
		<!-- VETERAN QUESTLINE -->
		<quest id="+Vet. Quest For Kuva's Red Armor">
			<property name="name_key" value="vetquest_toc_kuva_name"/>
			<property name="subtitle_key" value="vetquest_toc_kuva_subtitle"/>
			<property name="description_key" value="vetquest_toc_kuva_desc"/>
			<property name="icon" value="ui_game_symbol_map_trader"/>
			<property name="repeatable" value="true"/>
			<property name="category_key" value="quest"/>
			<property name="difficulty" value="hard"/>
			<property name="offer_key" value="vetquest_toc_kuva_offer"/>
			<property name="statement_key" value="vetquest_toc_kuva_statement"/>
			<property name="response_key" value="vetquestdialog_toc_kuva"/>
			<property name="group_name_key" value="vetquest_toc_kuva_group"/>
			<property name="shareable" value="false"/>
			<reward type="Item" id="questitem_toc_citizencard_name" value="1"/>
			<!-- This makes the quest repeatable -->
			<reward type="Item" id="vetmap_toc_kuva_name" value="1"/>
		</quest>
		<quest id="treasure_kuva">
			<property name="name_key" value="questmap_toc_kuva_name"/>
			<property name="subtitle_key" value="questmap_toc_kuva_subtitle"/>
			<property name="description_key" value="questmap_toc_kuva_desc"/>
			<property name="icon" value="ui_game_symbol_map"/>
			<property name="repeatable" value="true"/>
			<property name="category_key" value="treasure"/>
			<property name="difficulty" value="hard"/>
			<property name="offer_key" value="questmap_toc_kuva_offer"/>
			<property name="statement_key" value="questmap_toc_kuva_statement"/>
			<property name="response_key" value="questmapdialog_toc_kuva"/>
			<property name="group_name_key" value="vetquest_toc_kuva_group"/>
			<property name="shareable" value="false"/>
			<objective type="TreasureChest">
				<property name="block" value="treasureKuvaChest"/>
				<property name="distance" value="1500-2500"/>
				<property name="default_radius" value="9"/>
				<property name="nav_object" value="treasure"/>
				<property name="direct_nav_object" value="treasure_direct"/>
				<property name="blocks_per_reduction" value="10"/>
				<!-- Perk/item can reduce this by 8. Change perk/item to a % based effect if a blocks_per_reduction less than 10 that is desired. -->
				<property name="radius_reduction_sound" value="ui_radius_shrink"/>
			</objective>
			<reward type="Quest" id="+Kuva's Secret Recipe Challenge"/>
			<reward type="LootItem" id="groupWhiteRiverTOCKuvaLiner" value="1"/>
			<reward type="LootItem" id="groupWhiteRiverTOCKuvaTwine" value="1"/>
			<reward type="LootItem" id="groupWhiteRiverTOCKuvaTallow" value="1"/>
			<reward type="Exp" value="1000"/>
		</quest>
		<quest id="+Kuva's Secret Recipe Challenge">
			<property name="name_key" value="quest_toc_kuvasecret_name"/>
			<property name="subtitle_key" value="quest_toc_kuvasecret_subtitle"/>
			<property name="description_key" value="quest_toc_kuvasecret_desc"/>
			<property name="icon" value="ui_game_symbol_zombie"/>
			<property name="repeatable" value="true"/>
			<property name="category_key" value="challenge"/>
			<property name="difficulty" value="hard"/>
			<property name="offer_key" value="quest_toc_kuvasecret_offer"/>
			<property name="statement_key" value="quest_toc_kuvaecret_statement"/>
			<property name="response_key" value="questdialog_toc_kuvasecret"/>
			<property name="group_name_key" value="quest_toc_kuvasecret_group"/>
			<property name="shareable" value="false"/>
			<action type="SpawnEnemy" id="zombieKuvaAssistant" value="3" phase="1"/>
			<objective type="EntityKill" id="zombieKuvaAssistant" value="1" phase="1"/>
			<action type="SpawnEnemy" id="zombieKuvaAssistant" value="2" phase="2"/>
			<objective type="EntityKill" id="zombieKuvaAssistant" value="1" phase="2"/>
			<reward type="Exp" value="1000"/>
			<reward type="LootItem" id="groupQuestcasinoCoinT1" value="1"/>
			<reward type="Item" id="questitem_toc_kuvablue_name" value="1"/>
		</quest>
	</append>
</config>
