<config>
	<!-- Reviewed by 7DAYSTODIE_JP. We just revised to remove some warnings/errors but did not look carefully. Join Discord to report bugs, supports and requests. Discord: https://discord.gg/Va9CMv59Ej -->
	<append xpath="lootcontainers">
		<lootgroup name="ameliaCoffin" count="all">
			<item name="casinoCoin" count="1000,5000"/>
			<item name="questitem_toc_amelia_journal_name"/>
		</lootgroup>
		<lootcontainer id="375" name="WhiteRiverToCAmelia01" count="1" size="5,5" sound_open="UseActions/open_garbage" sound_close="UseActions/close_garbage" loot_quality_template="qualBaseTemplate" destroy_on_close="true">
			<item group="ameliaCoffin" count="1"/>
		</lootcontainer>
	</append>
</config>
