<config>
	<!-- Reviewed by 7DAYSTODIE_JP. We just revised to remove some warnings/errors but did not look carefully. Join Discord to report bugs, supports and requests. Discord: https://discord.gg/Va9CMv59Ej -->
	<append xpath="/quests">
		<quest id="+Quest For Bambi's Killer Bow Start">
			<property name="name_key" value="quest_toc_bambi_name"/>
			<property name="subtitle_key" value="quest_toc_bambi_subtitle"/>
			<property name="description_key" value="quest_toc_bambi_description"/>
			<property name="icon" value="ui_game_symbol_map_trader"/>
			<property name="repeatable" value="true"/>
			<property name="category_key" value="quest"/>
			<property name="difficulty" value="easy"/>
			<property name="offer_key" value="quest_toc_bambi_offer"/>
			<property name="statement_key" value="quest_toc_bambi_statement"/>
			<property name="response_key" value="questdialog_toc_bambi"/>
			<property name="group_name_key" value="quest_toc_bambi_group"/>
			<property name="shareable" value="false"/>
			<reward type="Quest" id="+Quest For Bambi's Killer Bow"/>
			<reward type="Item" id="questitem_coin_bambi" count="1"/>
		</quest>
		<quest id="+Quest For Bambi's Killer Bow">
			<property name="name_key" value="quest_toc_bambi_name"/>
			<property name="subtitle_key" value="quest_toc_bambi_subtitle"/>
			<property name="description_key" value="quest_toc_bambi_description"/>
			<property name="icon" value="ui_game_symbol_map_trader"/>
			<property name="repeatable" value="true"/>
			<property name="category_key" value="quest"/>
			<property name="difficulty" value="easy"/>
			<property name="offer_key" value="quest_toc_bambi_offer"/>
			<property name="statement_key" value="quest_toc_bambi_statement"/>
			<property name="response_key" value="questdialog_toc_bambi"/>
			<property name="group_name_key" value="quest_toc_bambi_group"/>
			<property name="shareable" value="false"/>
			<objective type="FetchKeep" id="gunBowT1WoodenBowParts" value="2" phase="1"/>
			<objective type="FetchKeep" id="gunBowT0PrimitiveBow" value="20" phase="1"/>
			<objective type="FetchKeep" id="resourceWood" value="400" phase="1"/>
			<objective type="FetchKeep" id="resourcePaper" value="1" phase="1"/>
			<objective type="Craft" id="questwrit_toc_bambi_name" value="1" phase="2"/>
			<reward type="Exp" value="500"/>
		</quest>
		<quest id="+Reward of Bambi's Killer Bow">
			<property name="name_key" value="questreward_toc_bambi_name"/>
			<property name="subtitle_key" value="questreward_toc_bambi_subtitle"/>
			<property name="description_key" value="questreward_toc_bambi_description"/>
			<property name="completion_key" value="quest_toc_bambi_completion"/>
			<property name="icon" value="ui_game_symbol_map_trader"/>
			<property name="repeatable" value="true"/>
			<property name="category_key" value="quest"/>
			<property name="difficulty" value="easy"/>
			<property name="offer_key" value="questreward_toc_bambi_offer"/>
			<property name="statement_key" value="questreward_toc_bambi_statement"/>
			<property name="response_key" value="questrewarddialog_toc_bambi"/>
			<property name="group_name_key" value="quest_toc_bambi_group"/>
			<property name="shareable" value="false"/>
			<property name="completiontype" value="TurnIn"/>
			<property name="reward_choices_count" value="3"/>
			<objective type="Goto" value="5" phase="1"/>
			<objective type="ReturnToNPC">
				<property name="phase" value="2"/>
				<property name="nav_object" value="return_to_trader"/>
			</objective>
			<objective type="InteractWithNPC">
				<property name="phase" value="3"/>
				<property name="nav_object" value="return_to_trader"/>
			</objective>
			<reward type="Exp" value="1000"/>
			<reward type="Item" id="casinoCoin" value="560"/>
			<reward type="Item" id="questitem_toc_citizencard_name" value="1"/>
			<!-- This makes the quest repeatable -->
			<reward type="LootItem" id="groupWhiteRiverTOCBambi" value="1"/>
			<reward type="LootItem" id="groupWhiteRiverTOCConcreteBlocks" value="1"/>
			<reward type="LootItem" id="groupQuestToCBowMods" ischosen="true" value="1"/>
			<reward type="LootItem" id="groupQuestToCSeeds" ischosen="true" value="1"/>
			<reward type="LootItem" id="groupQuestT2Food" ischosen="true" value="1"/>
			<reward type="LootItem" id="groupQuestToCArrows" ischosen="true" value="1"/>
		</quest>
		<quest id="+Vet. Quest For Bambi's Killer Compound Bow Start">
			<property name="name_key" value="vetquest_toc_bambi_name"/>
			<property name="subtitle_key" value="vetquest_toc_bambi_subtitle"/>
			<property name="description_key" value="vetquest_toc_bambi_desc"/>
			<property name="icon" value="ui_game_symbol_map_trader"/>
			<property name="repeatable" value="true"/>
			<property name="category_key" value="quest"/>
			<property name="difficulty" value="hard"/>
			<property name="offer_key" value="vetquest_toc_bambi_offer"/>
			<property name="statement_key" value="vetquest_toc_bambi_statement"/>
			<property name="response_key" value="vetquestdialog_toc_bambi"/>
			<property name="group_name_key" value="vetquest_toc_bambi_group"/>
			<property name="shareable" value="false"/>
			<reward type="Quest" id="+Vet. Quest For Bambi's Killer Compound Bow"/>
			<reward type="Item" id="questitem_vetcoin_bambi" count="1"/>
		</quest>
		<quest id="+Vet. Quest For Bambi's Killer Compound Bow">
			<property name="name_key" value="vetquest_toc_bambi_name"/>
			<property name="subtitle_key" value="vetquest_toc_bambi_subtitle"/>
			<property name="description_key" value="vetquest_toc_bambi_desc"/>
			<property name="icon" value="ui_game_symbol_map_trader"/>
			<property name="repeatable" value="true"/>
			<property name="category_key" value="quest"/>
			<property name="difficulty" value="hard"/>
			<property name="offer_key" value="vetquest_toc_bambi_offer"/>
			<property name="statement_key" value="vetquest_toc_bambi_statement"/>
			<property name="response_key" value="vetquestdialog_toc_bambi"/>
			<property name="group_name_key" value="vetquest_toc_bambi_group"/>
			<property name="shareable" value="false"/>
			<objective type="FetchKeep" id="gunBowT3CompoundBow" value="15" phase="1"/>
			<objective type="FetchKeep" id="resourceAnimalFat" value="50" phase="1"/>
			<objective type="FetchKeep" id="resourceWood" value="4000" phase="1"/>
			<objective type="FetchKeep" id="resourcePaper" value="1" phase="1"/>
			<objective type="Craft" id="vetquestwrit_toc_bambi_name" value="1" phase="2"/>
			<reward type="Exp" value="1500"/>
		</quest>
		<quest id="+Veteran Reward of Bambi's Killer Compound Bow">
			<property name="name_key" value="vetquestreward_toc_bambi_name"/>
			<property name="subtitle_key" value="vetquestreward_toc_bambi_subtitle"/>
			<property name="description_key" value="vetquestreward_toc_bambi_desc"/>
			<property name="completion_key" value="quest_toc_bambi_completion"/>
			<property name="icon" value="ui_game_symbol_map_trader"/>
			<property name="repeatable" value="true"/>
			<property name="category_key" value="quest"/>
			<property name="difficulty" value="hard"/>
			<property name="offer_key" value="vetquestreward_toc_bambi_offer"/>
			<property name="statement_key" value="vetquestreward_toc_bambi_statement"/>
			<property name="response_key" value="vetquestrewarddialog_toc_bambi"/>
			<property name="group_name_key" value="vetquest_toc_bambi_group"/>
			<property name="shareable" value="false"/>
			<property name="completiontype" value="TurnIn"/>
			<property name="reward_choices_count" value="3"/>
			<objective type="Goto" value="5" phase="1"/>
			<objective type="ReturnToNPC">
				<property name="phase" value="2"/>
				<property name="nav_object" value="return_to_trader"/>
			</objective>
			<objective type="InteractWithNPC">
				<property name="phase" value="3"/>
				<property name="nav_object" value="return_to_trader"/>
			</objective>
			<reward type="Exp" value="3000"/>
			<reward type="LootItem" id="groupQuestcasinoCoinT1" value="1"/>
			<reward type="LootItem" id="groupWhiteRiverTOCBambiVet" value="1"/>
			<reward type="LootItem" id="groupWhiteRiverTOCConcreteBlocks" value="1"/>
			<reward type="LootItem" id="groupQuestToCBowMods" value="1"/>
			<reward type="LootItem" id="groupQuestToCBowMods" ischosen="true" value="1"/>
			<reward type="LootItem" id="groupQuestToCSeeds" ischosen="true" value="1"/>
			<reward type="LootItem" id="groupQuestT3Food" ischosen="true" value="1"/>
			<reward type="LootItem" id="groupQuestToCArrowsVet" ischosen="true" value="1"/>
		</quest>
		<quest id="+Forest Prince Bow Elite Quest Start">
			<property name="name_key" value="elitequest_toc_bambi_name"/>
			<property name="subtitle_key" value="elitequest_toc_bambi_subtitle"/>
			<property name="description_key" value="elitequest_toc_bambi_desc"/>
			<property name="icon" value="ui_game_symbol_map_trader"/>
			<property name="repeatable" value="true"/>
			<property name="category_key" value="quest"/>
			<property name="difficulty" value="hard"/>
			<property name="offer_key" value="elitequest_toc_bambi_offer"/>
			<property name="statement_key" value="elitequest_toc_bambi_statement"/>
			<property name="response_key" value="elitequestdialog_toc_bambi"/>
			<property name="group_name_key" value="elitequest_toc_bambi_group"/>
			<property name="shareable" value="false"/>
			<reward type="Quest" id="+Forest Prince Bow Elite Quest"/>
			<reward type="Item" id="questitem_elitecoin_bambi" count="1"/>
		</quest>
		<quest id="+Forest Prince Bow Elite Quest">
			<property name="name_key" value="elitequest_toc_bambi_name"/>
			<property name="subtitle_key" value="elitequest_toc_bambi_subtitle"/>
			<property name="description_key" value="elitequest_toc_bambi_desc"/>
			<property name="icon" value="ui_game_symbol_map_trader"/>
			<property name="repeatable" value="true"/>
			<property name="category_key" value="quest"/>
			<property name="difficulty" value="hard"/>
			<property name="offer_key" value="elitequest_toc_bambi_offer"/>
			<property name="statement_key" value="elitequest_toc_bambi_statement"/>
			<property name="response_key" value="elitequestdialog_toc_bambi"/>
			<property name="group_name_key" value="elitequest_toc_bambi_group"/>
			<property name="shareable" value="false"/>
			<objective type="FetchKeep" id="gunBowT3CompoundBow" value="25" phase="1"/>
			<objective type="FetchKeep" id="resourceAnimalFat" value="100" phase="1"/>
			<objective type="FetchKeep" id="resourceWood" value="12000" phase="1"/>
			<objective type="FetchKeep" id="resourcePaper" value="1" phase="1"/>
			<objective type="Craft" id="elitequestwrit_toc_bambi_name" value="1" phase="2"/>
			<reward type="Exp" value="500"/>
			<reward type="Item" id="questitem_toc_veterancard_name" value="1"/>
		</quest>
		<quest id="+Elite Reward of Forest Prince Compound Bow">
			<property name="name_key" value="elitequestreward_toc_bambi_name"/>
			<property name="subtitle_key" value="elitequestreward_toc_bambi_subtitle"/>
			<property name="description_key" value="elitequestreward_toc_bambi_desc"/>
			<property name="completion_key" value="quest_toc_bambi_completion"/>
			<property name="icon" value="ui_game_symbol_map_trader"/>
			<property name="repeatable" value="true"/>
			<property name="category_key" value="quest"/>
			<property name="difficulty" value="hard"/>
			<property name="offer_key" value="elitequestreward_toc_bambi_offer"/>
			<property name="statement_key" value="elitequestreward_toc_bambi_statement"/>
			<property name="response_key" value="elitequestrewarddialog_toc_bambi"/>
			<property name="group_name_key" value="elitequest_toc_bambi_group"/>
			<property name="shareable" value="false"/>
			<property name="completiontype" value="TurnIn"/>
			<property name="reward_choices_count" value="3"/>
			<objective type="Goto" value="5" phase="1"/>
			<objective type="ReturnToNPC">
				<property name="phase" value="2"/>
				<property name="nav_object" value="return_to_trader"/>
			</objective>
			<objective type="InteractWithNPC">
				<property name="phase" value="3"/>
				<property name="nav_object" value="return_to_trader"/>
			</objective>
			<reward type="Exp" value="2000"/>
			<reward type="LootItem" id="groupQuestcasinoCoinT2" value="1"/>
			<reward type="Item" id="questitem_toc_elitecard_name" value="1"/>
			<!-- This makes the quest repeatable -->
			<reward type="Item" id="eliteitem_toc_bambi_name" value="6"/>
			<reward type="LootItem" id="groupWhiteRiverTOCConcreteBlocks" value="1"/>
			<reward type="LootItem" id="groupQuestToCBowMods" ischosen="true" value="1"/>
			<reward type="LootItem" id="groupQuestToCSeeds" ischosen="true" value="1"/>
			<reward type="LootItem" id="groupQuestT4Food" ischosen="true" value="1"/>
			<reward type="LootItem" id="groupQuestToCArrowsVet" ischosen="true" value="1"/>
		</quest>
	</append>
</config>
