<!--
Sam's Deco Stuff
v21.0.0
by saminal
lightly tested, good luck

blocks.xml
-->

		
<configs>		
	<append xpath="/blocks">
		<block name="woodDecoBlockVariantHelper">
			<property name="Extends" value="wineBarrel"/>
			<property name="CustomIcon" value="wineBarrel"/>
			<property name="CreativeMode" value="Player"/>
			<property name="DescriptionKey" value="blockVariantHelperGroupDesc"/>
			<property name="ItemTypeIcon" value="all_blocks"/>
			<property name="SelectAlternates" value="true"/>
			<property name="PlaceAltBlockValue" value="wineBarrel,wineBarrelSet,wineBarrelPlain,paintingBen,paintingLorien,paintingDerek,paintingNoah,paintingDuke,paintingKen,decoClassicDogHouse,cntBookcaseEmpty,decoBookcase,emberPileDeco1,emberPileDeco2,driftwood,driftwood2,signShopColdBeer,modularFireWoodStackA,modularFireWoodStackB,modularFireWoodStackC,palletEmpty,palletEmptyStack,decoCoffinWildWestClosed,decoCoffinWildWestCracked,decoCoffinWildWestStack,decoCoffinWildWestLeaning,decoCoffinWildWestLidLeaning,shootingRangeTarget,piano,woodenBear,tableCommunion"/>
			<property name="EconomicValue" value="60"/> <!-- disassemble value -->
		</block>

		<block name="metalDecoBlockVariantHelper">
			<property name="Extends" value="cntIceMachine"/>
			<property name="CustomIcon" value="cntIceMachine"/>
			<property name="CreativeMode" value="Player"/>
			<property name="DescriptionKey" value="blockVariantHelperGroupDesc"/>
			<property name="ItemTypeIcon" value="all_blocks"/>
			<property name="SelectAlternates" value="true"/>
			<property name="PlaceAltBlockValue" value="cntIceMachine,decoMetalBollard,decoCookingPot,cntBinTrashMetalEmptyWhite,cntDomedTrashCanEmpty,cntFancyGarbageCan,decoWeightBar,decoBenchPress,decoStationaryBike,decoFileCabinetTallClosed,decoFileCabinetShortClosed,cntBathTubEmpty,decoClawFootBathTub,decoCashRegister,decoToolBoxClosedRed,decoRollingToolBoxClosedRed,decoUtilityCartFull,decoTableRound,signRoadPrivate,signYardSign01,signRoadStop,signRoadWork,cntGunRackSmallEmpty01,cntGunRackSmallEmpty03,decoGunRackSmallMagazines,decoGunRackSmallArmor,decoGunRackLargeGuns01,decoGunRackLargeGuns02,cntCharcoalGrillOpen,cntGasGrillOpen,rebarDestroyed,decoSwingSet,decoMetalSlide,cntShoppingCartEmptyWhite,decoHandTruck,decoHoistChain,decoHoistHook,jailBarsGrey,cntClothesRackRoundEmpty,cntClothesRackRoundEmpty2,cntClothesRackRectangleEmpty,cntClothesRackRectangleEmpty2,cntClothesRackWallFlat,cntClothesRackWallEmptyHanger,cntStoreShelfDoubleBottomShoesEmpty,cntStoreShelfDoubleTopShoesEmpty,cntStoreShelfSingleBottomShoesEmpty,cntStoreShelfSingleTopShoesEmpty,decoTableSaw,chairFoldingMetalUnfoldedBlack,chairFoldingMetalFoldedFallenBlack,chairCampingGreen,wheelchairBlack,escalatorMiddle,escalatorPreTop,escalatorTop,waterHeaterWhite,horseshoe_01,horseshoe_02,horseshoe_03"/>
			<property name="EconomicValue" value="60"/> <!-- disassemble value -->
		</block>

		<block name="mixedDecoBlockVariantHelper">
			<property name="Extends" value="decoBasketBallHoop"/>
			<property name="CustomIcon" value="decoBasketBallHoop"/>
			<property name="CreativeMode" value="Player"/>
			<property name="DescriptionKey" value="blockVariantHelperGroupDesc"/>
			<property name="ItemTypeIcon" value="all_blocks"/>
			<property name="SelectAlternates" value="true"/>
			<property name="PlaceAltBlockValue" value="decoBasketBallHoop,barStool,parkBenchA,parkBenchB,decoPoolTable"/>
			<property name="EconomicValue" value="60"/> <!-- disassemble value -->
		</block>

		<block name="polymerDecoBlockVariantHelper">
			<property name="Extends" value="decoMannequinFemale"/>
			<property name="CustomIcon" value="decoMannequinFemale"/>
			<property name="CreativeMode" value="Player"/>
			<property name="DescriptionKey" value="blockVariantHelperGroupDesc"/>
			<property name="ItemTypeIcon" value="all_blocks"/>
			<property name="SelectAlternates" value="true"/>
			<property name="PlaceAltBlockValue" value="decoMannequinFemale,decoMannequinMale,decoSuitcase,decoCarTireFlat,decoCarTirePile,decoCarTireStack,palletBrownBoxesBase,palletBrownBoxesTile,palletBrownBoxesTop,palletBrownBoxesLoose,decoCowSkull,coneConstruction,standIV,portaPottyBlue,decoMannequinMilitaryCommando,barrierMilitary,cntbasketLaundryEmptyWhite,cntbinTrashRollingGreen"/>
			<property name="EconomicValue" value="60"/> <!-- disassemble value -->
		</block>

		<block name="concreteDecoBlockVariantHelper">
			<property name="Extends" value="birdBathPlanter"/>
			<property name="CustomIcon" value="birdBathPlanter"/>
			<property name="CreativeMode" value="Player"/>
			<property name="DescriptionKey" value="blockVariantHelperGroupDesc"/>
			<property name="ItemTypeIcon" value="all_blocks"/>
			<property name="SelectAlternates" value="true"/>
			<property name="PlaceAltBlockValue" value="birdBathPlanter,decoConcreteBollard,palletBagConcreteBaseFull,palletBagConcreteTile,palletBagConcreteBaseMed,palletBagConcreteCapMed,palletBagConcreteBaseSml,palletBagConcreteCapSml,palletBricksBase,palletBricksTile,palletBricksTop,palletTarpBaseBlue,palletTarpTileBlue,graveStone01,graveStone02,graveStone03,graveStone04,graveStone05,graveStone06,graveStone07,graveStone08"/>
			<property name="EconomicValue" value="60"/> <!-- disassemble value -->
		</block>

		<block name="electricDecoBlockVariantHelper">
			<property name="Extends" value="cntMicrowaveOvenVer1Closed"/>
			<property name="CustomIcon" value="cntMicrowaveOvenVer1Closed"/>
			<property name="CreativeMode" value="Player"/>
			<property name="DescriptionKey" value="blockVariantHelperGroupDesc"/>
			<property name="ItemTypeIcon" value="all_blocks"/>
			<property name="SelectAlternates" value="true"/>
			<property name="PlaceAltBlockValue" value="decoMicrowaveOvenVer1Closed,decoRetroFridgeVer1Closed,decoFridgeStainlessSteel,decoWasherClosed,decoDryerClosed,decoDishwasherFullWhite_Player,hoodRangeWhite,hoodRangeBlack,cntToaster,cntCoffeeMaker,cntCoffeeMakerCommercial,decoComputerDeskTopPC,decoComputerMonitorKeyboardMousePC,decoComputerMonitorKeyboardMouse,decoComputerMonitor,decoLaptop,decoServerRackWhite,decoServerRackGrey,wallClock,satelliteUnitSmallWall,satelliteUnitSmallFloor,decoTreadmill,liftHydraulicRed,microphoneWithStand,microphoneWithStandFallen,microphoneDesk,microphoneDeskCorner,radioHam,tvCRT,projectorCeiling,projectorTableTop,plantHydroponicAloe,plantHydroponicVertical,elevatorInsidePanel,elevatorOutsideButtonPanel,elevatorOutsideFloorPanel,elevatorOutsideFloorPanelDouble"/>
			<property name="EconomicValue" value="60"/> <!-- disassemble value -->
		</block>

		<block name="glassDecoBlockVariantHelper">
			<property name="Extends" value="decoReptileTerrarium"/>
			<property name="CustomIcon" value="decoReptileTerrarium"/>
			<property name="CreativeMode" value="Player"/>
			<property name="DescriptionKey" value="blockVariantHelperGroupDesc"/>
			<property name="ItemTypeIcon" value="all_blocks"/>
			<property name="SelectAlternates" value="true"/>
			<property name="PlaceAltBlockValue" value="decoReptileTerrarium,decoMedicineCabinetFaucetClosed,decoMedicineCabinetClosed,wallMirror,signBathroomSignUnisexWallMount,signBathroomSignUnisexCeilingMount,signBathroomSignWomenWallMount,signBathroomSignWomenCeilingMount,signBathroomSignMenWallMount,signBathroomSignMenCeilingMount,signPosterMovieTheater2159,signPosterMovieTheaterLoneWolf,signPosterMovieTheaterMammasJustice,signPosterMovieTheaterSexualTension"/>
			<property name="EconomicValue" value="60"/> <!-- disassemble value -->
		</block>
	
		<!-- Added versions of vanilla blocks - these are only here so they show up when you search 'deco' -->

		<block name="cntHardenedChestSecureDeco">
			<property name="Extends" value="cntHardenedChestSecure"/>
			<property name="CustomIcon" value="cntHardenedChestSecure"/>
			<property name="StabilitySupport" value="false"/>
		</block>
		
		<block name="cntPurse01Deco">
			<property name="Extends" value="cntPurse01"/>
			<property name="CustomIcon" value="cntPurse01"/>
			<property name="LootList" value="decoPurse"/>
		</block>
		
		<block name="cntDuffle01Deco">
			<property name="Extends" value="cntDuffle01"/>
			<property name="CustomIcon" value="cntDuffle01"/>
			<property name="LootList" value="decoDuffle"/>
		</block>

		<!-- <block name="birdBathPlanterDeco">
			<property name="Extends" value="birdBathPlanter"/>
			<property name="CustomIcon" value="birdBathPlanter"/>
		</block> -->

		<block name="cntVendingMachine2BrokenDeco">
			<property name="CreativeMode" value="Player"/>
			<property name="Group" value="Science"/>
			<property name="DescriptionKey" value="cntVendingMachineGroupDesc"/>
			<property name="CustomIcon" value="cntVendingMachine2Broken"/>
			<property name="DisplayType" value="blockHardenedMulti"/>
			<property name="Material" value="Mmetal_medium"/>
			<property name="StabilitySupport" value="false"/> <!-- build restriction -->
			<property name="Shape" value="ModelEntity"/>
			<property name="Path" value="solid"/>
			<property name="Model" value="Entities/Crafting/sodaVendingMachineBrokenPrefab"/>
			<property name="ModelOffset" value="0,0,0"/>
			<property name="MultiBlockDim" value="1,2,1"/>
			<property name="ImposterExchange" value="imposterBlock" param1="143"/>
			<property name="IsTerrainDecoration" value="true"/>
			<property name="Place" value="TowardsPlacerInverted"/>
			<property class="RepairItems"> <property name="resourceForgedSteel" value="5"/> </property>
			<property name="Stacknumber" value="10"/>
			<property name="EconomicValue" value="2000"/>
			<property name="Buff" value="buffShocked"/>
			<drop event="Harvest" name="terrStone" count="0" tool_category="Disassemble"/>
			<drop event="Harvest" name="resourceForgedIron" count="1,3" tag="salvageHarvest"/>
			<drop event="Harvest" name="resourceForgedSteel" count="2,3" tag="salvageHarvest"/>
			<drop event="Harvest" name="resourceScrapPolymers" count="2,5" tag="allHarvest"/>
			<drop event="Destroy" name="resourceScrapIron" count="1,15"/>
			<drop event="Fall" name="scrapMetalPile" count="1" prob="0.75" stick_chance="1"/>
			<drop event="Destroy" count="0"/>
			<property name="FilterTags" value="floot,ffurniture"/>
		</block>

		<block name="cntVendingMachineEnergyBrokenDeco">
			<property name="Extends" value="cntVendingMachine2BrokenDeco" param1="CustomIcon"/>
			<property name="CreativeMode" value="Player"/>
			<property name="CustomIcon" value="cntVendingMachineEnergyBroken"/>
			<property name="Model" value="Entities/Crafting/sodaVendingMachineEnergyBrokenPrefab"/>
			<property name="ModelOffset" value="0,0,0"/>
			<property name="TraderID" value="10"/>
			<property name="SortOrder2" value="0003"/>
		</block>

		<block name="cntVendingMachineWaterBrokenDeco">
			<property name="Extends" value="cntVendingMachine2BrokenDeco" param1="CustomIcon"/>
			<property name="CreativeMode" value="Player"/>
			<property name="CustomIcon" value="cntVendingMachineWaterBroken"/>
			<property name="Model" value="Entities/Crafting/sodaVendingMachineWaterBrokenPrefab"/>
			<property name="ModelOffset" value="0,0,0"/>
			<property name="TraderID" value="10"/>
			<property name="SortOrder2" value="0004"/>
		</block>

		<block name="cntVendingMachineSnacksFullBrokenDeco">
			<property name="Extends" value="cntVendingMachine2BrokenDeco" param1="CustomIcon"/>
			<property name="CreativeMode" value="Player"/>
			<property name="CustomIcon" value="cntVendingMachineSnacksFullBroken"/>
			<property name="Model" value="Entities/Commercial/vendingMachineSnacksFullPrefab"/>
			<property name="ModelOffset" value="0,0,-0.5"/>
			<property name="TraderID" value="10"/>
			<property name="SortOrder2" value="0011"/>
		</block>

		<block name="vendingMachineDecoBlockVariantHelper">
			<property name="Extends" value="cntVendingMachine2BrokenDeco"/>
			<property name="CustomIcon" value="cntVendingMachine2Broken"/>
			<property name="CreativeMode" value="Player"/>
			<property name="DescriptionKey" value="blockVariantHelperGroupDesc"/>
			<property name="ItemTypeIcon" value="all_blocks"/>
			<property name="SelectAlternates" value="true"/>
			<property name="PlaceAltBlockValue" value="cntVendingMachine2BrokenDeco,cntVendingMachineEnergyBrokenDeco,cntVendingMachineWaterBrokenDeco,cntVendingMachineSnacksFullBrokenDeco"/>
			<property name="EconomicValue" value="60"/> <!-- disassemble value -->
		</block>

		<block name="decoEmberPileFire">
			<property name="Tags" value="coalBurnedDmg"/>
			<property name="CreativeMode" value="Player"/>
			<property name="DescriptionKey" value="decoEmberPileFireDesc"/>
			<property name="Class" value="Particle"/>
			<property name="CustomIcon" value="emberPileDeco1"/>
			<property name="Material" value="Mwood_weak"/>
			<property name="StabilitySupport" value="false"/> <!-- build restriction -->
			<property name="Shape" value="ModelEntity"/>
			<property name="Model" value="Entities/Debris/pileEmberBurntLogs1Prefab"/>
			<property name="Light" value="0.5"/>
			<property name="IsTerrainDecoration" value="true"/>
			<property name="ParticleName" value="campfire"/>
			<property name="ParticleOffset" value="0.5,0,0.5"/>
			<property name="BuffsWhenWalkedOn" value="buffBurningEnvironment"/>
			<property name="Collide" value="melee,bullet,arrow,rocket"/>
			<drop event="Harvest" name="resourceCoal" count="3,6" tag="oreWoodHarvest"/>
			<drop event="Harvest" name="resourceCoal" count="3,6" tag="coalHarvest"/>
			<drop event="Destroy" name="resourceWood" count="5"/>
			<property name="FilterTags" value="fdecor,fother,foutdoor"/>
		</block>

		<block name="decoEmberPileFire2">
			<property name="Tags" value="coalBurnedDmg"/>
			<property name="CreativeMode" value="Player"/>
			<property name="DescriptionKey" value="decoEmberPileFireDesc"/>
			<property name="Class" value="Particle"/>
			<property name="CustomIcon" value="emberPileDeco1"/>
			<property name="Material" value="Mwood_weak"/>
			<property name="StabilitySupport" value="false"/> <!-- build restriction -->
			<property name="Shape" value="ModelEntity"/>
			<property name="Model" value="Entities/Debris/pileEmberBurntLogs2Prefab"/>
			<property name="Light" value="0.5"/>
			<property name="IsTerrainDecoration" value="true"/>
			<property name="ParticleName" value="campfire"/>
			<property name="ParticleOffset" value="0.5,0,0.5"/>
			<property name="BuffsWhenWalkedOn" value="buffBurningEnvironment"/>
			<property name="Collide" value="melee,bullet,arrow,rocket"/>
			<drop event="Harvest" name="resourceCoal" count="3,6" tag="oreWoodHarvest"/>
			<drop event="Harvest" name="resourceCoal" count="3,6" tag="coalHarvest"/>
			<drop event="Destroy" name="resourceWood" count="5"/>
			<property name="FilterTags" value="fdecor,fother,foutdoor"/>
		</block>		
		
		<block name="modularFireWoodStackCFire">
			<property name="CreativeMode" value="Player"/>
			<property name="DescriptionKey" value="decoEmberPileFireDesc"/>
			<property name="Class" value="Particle"/>
			<property name="CustomIcon" value="modularFireWoodStackC"/>
			<property name="Material" value="Mwood_weak"/>
			<property name="StabilitySupport" value="false"/> <!-- build restriction -->
			<property name="Shape" value="ModelEntity"/>
			<property name="Model" value="Entities/OutdoorDecor/modularFireWoodStackCPrefab"/>
			<property name="Light" value="0.5"/>
			<property name="IsTerrainDecoration" value="true"/>
			<property name="ParticleName" value="campfire"/>
			<property name="ParticleOffset" value="0.5,0,0.5"/>
			<property name="BuffsWhenWalkedOn" value="buffBurningEnvironment"/>
			<property name="Collide" value="melee,bullet,arrow,rocket"/>
			<drop event="Destroy" name="resourceWood" count="5"/>
			<property name="FilterTags" value="fdecor,fother,foutdoor"/>
		</block>
		
		<block name="cntWoodBurningStoveFire">
			<property name="CreativeMode" value="Player"/>
			<property name="DescriptionKey" value="decoEmberPileFireDesc"/>
			<property name="Class" value="Particle"/>
			<property name="CustomIcon" value="cntWoodBurningStove"/>
			<property name="Material" value="Mmetal_weak"/>
			<property name="StabilitySupport" value="true"/> <!-- build restriction -->
			<property name="Shape" value="ModelEntity"/>
			<property name="Model" value="Entities/Furniture/woodBurningStovePrefab"/>
			<property name="Light" value="0.5"/>
			<property name="IsTerrainDecoration" value="true"/>
			<property name="ParticleName" value="campfire"/>
			<property name="ParticleOffset" value="0.5,0.3,0.5"/>
			<property name="FilterTags" value="fdecor,fother"/>
			<drop event="Destroy" name="resourceScrapIron" count="5"/>
			<property name="ActiveRadiusEffects" value="buffCampfireAOE(5)"/>
		</block>

		<block name="decoTableSaw">
			<property name="CustomIcon" value="tableSaw"/>
			<property name="Shape" value="ModelEntity"/>
			<property name="Model" value="Entities/Crafting/table_sawPrefab"/>
			<property name="Place" value="TowardsPlacerInverted"/>
			<property name="Material" value="Miron_scrap"/>
			<property name="MaxDamage" value="800"/>
			<property name="StabilitySupport" value="true"/>
			<drop event="Harvest" name="resourceScrapIron" count="300" tag="allHarvest"/>
			<drop event="Harvest" name="resourceMechanicalParts" count="4" tag="salvageHarvest"/>
			<drop event="Fall" name="scrapMetalPile" count="1" prob="0.75" stick_chance="1"/>
			<property name="FilterTags" value="MC_playerBlocks,SC_decor"/>
			<property name="SortOrder1" value="70i0"/>
		</block>

		<block name="decoBookcase">
			<property name="Extends" value="cntBookcaseFull" param1="Class"/>
			<property name="CustomIcon" value="cntBookcaseFull"/>
		</block>

		<block name="decoCoffinWildWestClosed">
			<property name="Extends" value="cntCoffinWildWestClosed" param1="Class"/>
			<property name="CustomIcon" value="cntCoffinWildWestClosed"/>
		</block>


		<block name="decoCoffinWildWestCracked">
			<property name="Extends" value="cntCoffinWildWestCracked" param1="Class"/>
			<property name="CustomIcon" value="cntCoffinWildWestCracked"/>
		</block>

		<block name="decoCoffinWildWestStack">
			<property name="Extends" value="cntCoffinWildWestStack" param1="Class"/>
			<property name="CustomIcon" value="cntCoffinWildWestStack"/>
		</block>

		<block name="decoCoffinWildWestLeaning">
			<property name="Extends" value="cntCoffinWildWestLeaning" param1="Class"/>
			<property name="CustomIcon" value="cntCoffinWildWestLeaning"/>
		</block>

		<block name="decoCoffinWildWestLidLeaning">
			<property name="Extends" value="cntCoffinWildWestLidLeaning" param1="Class"/>
			<property name="CustomIcon" value="cntCoffinWildWestLidLeaning"/>
		</block>

		<block name="decoFileCabinetTallClosed">
			<property name="Extends" value="cntFileCabinetTallClosed" param1="Class"/>
			<property name="CustomIcon" value="cntFileCabinetTallClosed"/>
		</block>

		<block name="decoFileCabinetShortClosed">
			<property name="Extends" value="cntFileCabinetShortClosed" param1="Class"/>
			<property name="CustomIcon" value="cntFileCabinetShortClosed"/>
		</block>

		<block name="decoCashRegister">
			<property name="Extends" value="cntCashRegister" param1="Class"/>
			<property name="CustomIcon" value="cntCashRegister"/>
		</block>

		<block name="decoToolBoxClosedRed">
			<property name="Extends" value="cntToolBoxClosedRed" param1="Class"/>
			<property name="CustomIcon" value="cntToolBoxClosedWhite"/>
			<property name="CustomIconTint" value="7F6868"/>
		</block>

		<block name="decoRollingToolBoxClosedRed">
			<property name="Extends" value="cntRollingToolBoxClosedRed" param1="Class"/>
			<property name="CustomIcon" value="cntRollingToolBoxClosedWhite"/>
			<property name="CustomIconTint" value="7F6868"/>
		</block>

		<block name="decoUtilityCartFull">
			<property name="Extends" value="cntUtilityCartFull" param1="Class"/>
			<property name="CustomIcon" value="cntUtilityCartFullWhite"/>
			<property name="CustomIconTint" value="CCCCCC"/>
		</block>

		<block name="decoGunRackSmallMagazines">
			<property name="Extends" value="cntGunRackSmallMagazines" param1="Class"/>
			<property name="CustomIcon" value="cntGunRackSmallMagazines"/>
		</block>

		<block name="decoGunRackSmallArmor">
			<property name="Extends" value="cntGunRackSmallArmor" param1="Class"/>
			<property name="CustomIcon" value="cntGunRackSmallArmor"/>
		</block>

		<block name="decoGunRackLargeGuns01">
			<property name="Extends" value="cntGunRackLargeGuns01" param1="Class"/>
			<property name="CustomIcon" value="cntGunRackLargeGuns01"/>
		</block>

		<block name="decoGunRackLargeGuns02">
			<property name="Extends" value="cntGunRackLargeGuns02" param1="Class"/>
			<property name="CustomIcon" value="cntGunRackLargeGuns02"/>
		</block>

		<block name="decoSuitcase">
			<property name="Extends" value="cntSuitcase" param1="Class"/>
			<property name="CustomIcon" value="cntSuitcase"/>
		</block>

		<block name="decoMicrowaveOvenVer1Closed">
			<property name="Extends" value="cntMicrowaveOvenVer1Closed" param1="Class"/>
			<property name="CustomIcon" value="cntMicrowaveOvenVer1Closed"/>
		</block>

		<block name="decoRetroFridgeVer1Closed">
			<property name="Extends" value="cntRetroFridgeVer1Closed" param1="Class"/>
			<property name="CustomIcon" value="cntRetroFridgeVer1Closed"/>
		</block>

		<block name="decoFridgeStainlessSteel">
			<property name="Extends" value="cntFridgeStainlessSteel" param1="Class"/>
			<property name="CustomIcon" value="cntFridgeStainlessSteel"/>
		</block>

		<block name="decoWasherClosed">
			<property name="Extends" value="cntWasherClosed" param1="Class"/>
			<property name="CustomIcon" value="cntWasherClosed"/>
		</block>

		<block name="decoDryerClosed">
			<property name="Extends" value="cntDryerClosed" param1="Class"/>
			<property name="CustomIcon" value="cntDryerClosed"/>
		</block>

		<block name="decoDishwasherFullWhite_Player">
			<property name="Extends" value="cntDishwasherFullWhite_Player" param1="Class"/>
			<property name="CustomIcon" value="cntDishwasherFullWhite"/>
			<property name="CustomIconTint" value="C3B0A3"/>
		</block>

		<block name="decoMedicineCabinetFaucetClosed">
			<property name="Extends" value="cntMedicineCabinetFaucetClosed" param1="Class"/>
			<property name="CustomIcon" value="cntMedicineCabinetFaucetClosed"/>
		</block>

		<block name="decoMedicineCabinetClosed">
			<property name="Extends" value="cntMedicineCabinetClosed" param1="Class"/>
			<property name="CustomIcon" value="cntMedicineCabinetClosed"/>
		</block>



	</append>

	<!-- SJ: Fix some placement weirdness with a handful of the vanilla blocks -->
	
	<remove xpath="blocks/block[@name='wallClock']/property[@name='Place']"/>
	<remove xpath="blocks/block[@name='cntCoffeeMaker']/property[@name='Place']"/>	
</configs>