﻿<!--
========================
pos panel
pos="X,Y" 
X - горизонтально ( < 100 на Лево ) ( 100 > на право )
Y - Вертикально
========================
-->
<config>
	<append xpath="/windows">
		<window name="IPSMainA"  depth="51" width="397" height="688"  cursor_area="true" >
			<panel depth="23" controller="CharacterFrameWindow"  pos="-650,50" width="500" height="62" disableautobackground="true">
				<panel name="header" pos="99999,99999" width="0" height="0">
					<sprite depth="2" name="windowIcon" pos="99999,99999" width="0" height="0"/>
					<label depth="2" name="characterName" pos="99999,99999" width="0" height="0"/>
					<sprite depth="2" name="windowIcon" pos="99999,99999" width="0" height="0"/>
					<label depth="2" name="levelNumber" pos="99999,99999" width="0" height="0"/>
				</panel>			
				<rect depth="2" name="searchControls" width="327" height="43" pos="349,320">
				    <texture depth="9" pos="260,80" width="420" height="126" pivot="center" texture="@url-IMG"/> <!-- url на картинку -->
					<sprite depth="8" name="backgroundMain" pos="99999,99999" width="0" height="0"/>
					<button name="characterButton" style="press" width="1" height="1" pos="140,-22" collider_scale="80.0" pivot="center" selected="true">				
						<label style="header.name" width="100" height="40" pos="-35,17" text_key="Стр. 1"/>
						<sprite name="backgroundMain" sprite="menu_empty3px" pos="0,0" width="100" height="40" color="[darkGrey]" type="sliced" pivot="center" globalopacity="true" globalopacitymod="1.8" />						
					</button>
					<button name="statButton" style="press" width="1" height="1" pos="400,-22" collider_scale="80.0" pivot="center">
						<label style="header.name" width="100" height="40" pos="-35,17" text_key="Стр. 2"/>
						<sprite name="backgroundMain" sprite="menu_empty3px" pos="0,0" width="100" height="40" color="[darkGrey]" type="sliced" pivot="center" globalopacity="true" globalopacitymod="1.8" />
					</button>		
					<button depth="4" name="coreStatButton" style="icon30px, press" pos="99999,99999" width="0" height="0" sprite="ui_game_symbol_trophy" pivot="center"/>
				</rect>
				<rect><panel name="previewFrame" pos="99999,99999" width="0" height="0">
						<rect>
							<sprite depth="8" name="backgroundMain" pos="99999,99999" width="0" height="0"/>
							<texture depth="2" name="playerPreview" material="Materials/Transparent Colored" pos="99999,99999" size="1,1"/>
						</rect>
					</panel>
					<panel name="equipment" pos="99999,99999" width="0" height="0">
						<grid name="inventory"/>
					</panel>
				</rect>
				<rect visible="{showcharacter}" pos="485,200">
					<infopanel button_name="Правила 1" icon="ui_game_symbol_twitch_history" color="[white]" posx="0" posy="0" name="Правила сервера 1" description="Text1"/> 						<!--sprite/color-->	
					<!-- <infopanel  button_name="Button1" posx="0" posy="0" desc="Textdesc1" color="[white]" style="header.name"/> -->
					<infopanel button_name="Правила 2" icon="ui_game_symbol_twitch_history" color="[white]" posx="280" posy="0" name="Правила сервера 2" description="Text2"/>
					<infopanel button_name="Рекомендации" icon="ui_game_symbol_talk" color="[white]" posx="0" posy="-120" name="Рекомендации" description="Text3"/>
					<infopanel button_name="Команды" icon="ui_game_symbol_twitch_confused_controls" color="[white]" posx="280" posy="-120" name="Команды" description="Text4"/>
					<infopanel button_name="Информация" icon="ui_game_symbol_candy_nerd_tats" color="[white]" posx="0" posy="-240" name="Информация" description="Text5"/>
					<infopanel button_name="Донат" icon="ui_game_symbol_coin" color="[white]" posx="280" posy="-240" name="Донат" description="Text6"/>
					<infopanel button_name="О сервере" icon="server_stock" color="[white]" posx="0" posy="-360" name="О сервере" description="Text7"/>
					<infopanel button_name="Помощь cерверу" icon="ui_game_symbol_pills" color="[white]" posx="280" posy="-360" name="Помощь cерверу" description="Text8"/>					
					<!--<infopanel button_name="COMING SOON" posx="0" posy="-480" name="COMING SOON" description=""/>
					<infopanel button_name="COMING SOON" posx="280" posy="-480" name="COMING SOON" description=""/>
					<infopanel button_name="COMING SOON" posx="0" posy="-600" name="COMING SOON" description=""/>
					<infopanel button_name="COMING SOON" posx="280" posy="-600" name="COMING SOON" description=""/> -->
				</rect>
				<rect visible="{showstats}" pos="485,200">
					<texture depth="1" pos="-256,78" width="800" height="800" texture="@url-img"/><!-- url на картинку -->					
					<infopanel button_name="АлиЕкспрес" icon="ui_game_symbol_shopping_cart" color="[white]" posx="-410" posy="0" name="" description="Text9"/>										
				    <infopanel button_name="Заработок" icon="ui_game_symbol_mother_load" color="[white]" posx="700" posy="-600" name="" description="Text10"/>
				</rect>				
				<rect visible="{showcore}"/>
						 <rect name="link1" width="350" height="350" pos="0,-400" pivot="center">
							<button pivot="center" sprite="" sound="" controller="ServerInfo">
								<label name="ServerDescription" />
								<label depth="10" pos="-100,90" width="300" height="300" name="ServerWebsiteURL" text_key="link1url" justify="center" style="press" color="0,0,0,1" font_size="300" upper_case="false" button_name="link1hover"/>
							</button>
							<texture depth="9" pivot="center" texture="@url-img"/> <!-- url на картинку -->
						</rect> 							<!--icon-->

						 <rect name="linkMHWH" width="350" height="350" pos="0,-50" pivot="center">
							<button pivot="center" sprite="" sound="" controller="ServerInfo">
								<label name="ServerDescription" />
								<label depth="10" pos="-100,90" width="300" height="300" name="ServerWebsiteURL" text_key="link2url" justify="center" style="press" color="0,0,0,1" font_size="300" upper_case="false" button_name="link2hover"/>
							</button>
							<texture depth="9" pivot="center" texture="@url-img"/> <!-- url на картинку -->
						</rect>  
			</panel>
		</window>
		<window name="IPSOverlay" anchor="LeftTop" depth="40" >
			<panel name="content" width="800" height="76" depth="10" pos="0,20" disableautobackground="true">
			<texture on_drag="true" on_press="true" size="800,317" texture="@url-img" depth="11" pos="500,-750"/> <!-- url на картинку -->
				<!--<rect name="background" width="1920" height="1080" depth="11" pos="0, 0" >		
				</rect>-->
			
			</panel>			
			<sprite depth="-10" color="0,0,0,255"  pos="500,0" type="sliced" width="800" height="1036" globalopacity="true" globalopacitymod="1.2" />
		</window>


	</append>
</config>

