<config>
	<!-- Reviewed by 7DAYSTODIE_JP. We just revised to remove some warnings/errors but did not look carefully. Join Discord to report bugs, supports and requests. Discord: https://discord.gg/Va9CMv59Ej -->
	<append xpath="/items">
		<item name="item_toc_claws_name">
			<property name="DescriptionKey" value="item_toc_claws_description"/>
			<property name="CustomIcon" value="meleeWpnKnucklesT1IronKnuckles"/>
			<property name="CustomIconTint" value="ff0000"/>
			<property name="Tags" value="blunt,melee,grunting,light,perkFlurryOfBlows,weapon,attFortitude,perkBrawler,canHaveCosmetic,longShaft"/>
			<property name="Material" value="Mmetal"/>
			<property name="Meshfile" value="@:Other/Items/Weapons/Melee/Knuckles/knucklesRight_Prefab.prefab"/>
			<property name="HoldType" value="61"/>
			<property name="RepairTools" value="resourceRepairKit"/>
			<property name="DegradationBreaksAfter" value="false"/>
			<property name="SoundJammed" value="ItemNeedsRepair"/>
			<property name="SoundDestroy" value="wooddestroy1"/>
			<property name="DisplayType" value="melee"/>
			<property name="Canhold" value="true"/>
			<!-- <property name="FuelValue" value="0"/> -->
			<property name="Group" value="Ammo/Weapons"/>
			<property name="EconomicValue" value="350"/>
			<property name="UnlockedBy" value="schemitem_toc_claws_name"/>
			<property name="ShowQuality" value="true"/>
			<property class="Action0">
				<property name="Class" value="DynamicMelee"/>
				<property name="Sphere" value=".15"/>
				<property name="Damage_type" value="Bashing"/>
				<property name="ToolCategory.Butcher" value="0" param1="4.7"/>
				<!-- This triggers the use of the special corpse harvesting animation if there is a matching harvest event.
    			Also, param1  is the damage multiplier for corpse harvesting. -->
				<property name="UseGrazingHits" value="true"/>
				<property name="GrazeStart" value=".3"/>
				<property name="GrazeEnd" value=".5"/>
				<property name="SwingDegrees" value="100"/>
				<property name="SwingAngle" value="-100"/>
				<property class="HitSounds">
					<property name="Override0" value="organic" param1="metalhitorganic"/>
				</property>
				<property class="GrazeSounds">
					<property name="Override0" value="organic" param1="metalhitcloth"/>
				</property>
			</property>
			<property class="Action1">
				<!-- UseAction -->
				<property name="Class" value="DynamicMelee"/>
				<property name="Sphere" value=".15"/>
				<!-- limit to 0.15, else the sphere cast can overlap the target already -->
				<property name="UsePowerAttackAnimation" value="true"/>
				<property name="ToolCategory.Butcher" value="0" param1="4.7"/>
				<!-- This triggers the use of the special corpse harvesting animation if there is a matching harvest event.
    			Also, param1  is the damage multiplier for corpse harvesting. -->
				<property name="UseGrazingHits" value="true"/>
				<property name="GrazeStart" value=".35"/>
				<property name="GrazeEnd" value=".4"/>
				<property name="SwingDegrees" value="30"/>
				<property name="SwingAngle" value="90"/>
				<property class="HitSounds">
					<property name="Override0" value="organic" param1="metalhitorganic"/>
				</property>
				<property class="GrazeSounds">
					<property name="Override0" value="organic" param1="metalhitcloth"/>
				</property>
			</property>
			<effect_group name="item_toc_claws_name">
				<passive_effect name="EntityDamage" operation="base_set" value="10.6" tags="perkBrawler"/>
				<passive_effect name="BlockDamage" operation="base_set" value="3.2" tags="perkBrawler"/>
				<passive_effect name="AttacksPerMinute" operation="base_set" value="110" tags="perkBrawler"/>
				<passive_effect name="StaminaLoss" operation="base_set" value="8.6" tags="primary"/>
				<passive_effect name="DegradationMax" operation="base_set" value="400,1100" tier="1,6" tags="perkBrawler"/>
				<passive_effect name="DegradationPerUse" operation="base_set" value="1.1" tags="perkBrawler"/>
				<passive_effect name="MaxRange" operation="base_set" value="2.0" tags="perkBrawler"/>
				<passive_effect name="BlockRange" operation="base_set" value="3" tags="perkBrawler"/>
				<passive_effect name="ModSlots" operation="base_set" value="2,2,3,3,4,4" tier="1,2,3,4,5,6"/>
				<passive_effect name="ModPowerBonus" operation="perc_add" value=".11" tags="EntityDamage,BlockDamage"/>
				<passive_effect name="ModPowerBonus" operation="base_add" value="310" tags="EconomicValue"/>
				<passive_effect name="EntityDamage" operation="perc_add" value="-.1,.18" tags="perkBrawler"/>
				<!-- random EntityDmg -->
				<passive_effect name="EntityDamage" operation="perc_add" value=".1,.7" tier="2,6" tags="perkBrawler"/>
				<!-- tier bonus -->
				<passive_effect name="BlockDamage" operation="perc_add" value="-.1,.18" tags="perkBrawler"/>
				<!-- random BlockDmg -->
				<passive_effect name="BlockDamage" operation="perc_add" value=".1,.7" tier="2,6" tags="perkBrawler"/>
				<!-- tier bonus -->
				<passive_effect name="DamageModifier" operation="perc_add" value="-.5" tags="earth"/>
				<passive_effect name="DamageModifier" operation="perc_add" value="-.5" tags="stone"/>
				<passive_effect name="DamageModifier" operation="perc_add" value="-.5" tags="metal"/>
				<triggered_effect trigger="onSelfEquipStart" action="AddPart" part="LeftKnuckles" prefab="@:Other/Items/Weapons/Melee/Knuckles/knucklesLeft_Prefab.prefab" parentTransform="Propjoint" localPos="0,0,0" localRot="0,0,0">
					<requirement name="IsFPV"/>
				</triggered_effect>
				<triggered_effect trigger="onSelfEquipStart" action="AddPart" part="LeftKnuckles" prefab="@:Other/Items/Weapons/Melee/Knuckles/knucklesLeft_Prefab.prefab" parentTransform="LeftHand" localPos="-0.1171,0.004,-0.0187" localRot="-30.53241,-11.3179,135.1055">
					<requirement name="!IsFPV"/>
				</triggered_effect>
				<triggered_effect trigger="onSelfEquipStop" action="RemovePart" part="LeftKnuckles"/>
			</effect_group>
			<effect_group name="Power Attack">
				<passive_effect name="EntityDamage" operation="perc_add" value="1.2" tags="secondary"/>
				<passive_effect name="BlockDamage" operation="perc_add" value="1.2" tags="secondary"/>
				<passive_effect name="AttacksPerMinute" operation="perc_add" value="-.3" tags="secondary"/>
				<passive_effect name="StaminaLoss" operation="base_set" value="14.3" tags="secondary"/>
			</effect_group>
		</item>
		<item name="questitem_toc_claws_name">
			<property name="DescriptionKey" value="questitem_toc_claws_desc"/>
			<property name="CustomIcon" value="challengeQuestMaster"/>
			<property name="CustomIconTint" value="ddccbe"/>
			<property name="Extends" value="questMaster"/>
			<property name="Material" value="MresourcePaper"/>
			<property class="Action0">
				<property name="Class" value="Quest"/>
				<property name="QuestGiven" value="+Quest For Bear Grylls Iron Knuckles"/>
				<property name="Delay" value="0"/>
			</property>
			<property name="Group" value="Special Items"/>
		</item>
		<item name="schemitem_toc_claws_name">
			<property name="DescriptionKey" value="schemitem_toc_claws_description"/>
			<property name="Extends" value="schematicMaster"/>
			<property name="CreativeMode" value="Player"/>
			<property name="CustomIcon" value="meleeWpnKnucklesT1IronKnuckles"/>
			<property name="CustomIconTint" value="cc3300"/>
			<property name="Unlocks" value="item_toc_claws_name"/>
			<effect_group tiered="false">
				<triggered_effect trigger="onSelfPrimaryActionEnd" action="ModifyCVar" cvar="item_toc_claws_name" operation="set" value="1"/>
				<triggered_effect trigger="onSelfPrimaryActionEnd" action="GiveExp" exp="500"/>
			</effect_group>
		</item>
		<item name="vetitem_toc_claws_name">
			<property name="Tags" value="blunt,melee,grunting,light,perkFlurryOfBlows,weapon,attFortitude,perkBrawler,canHaveCosmetic,longShaft"/>
			<property name="DescriptionKey" value="vetitem_toc_claws_description"/>
			<property name="CustomIcon" value="meleeWpnKnucklesT3SteelKnuckles"/>
			<property name="CustomIconTint" value="0000ff"/>
			<property name="Extends" value="meleeWpnKnucklesT1IronKnuckles"/>
			<property name="Material" value="MmeleeWpnKnucklesParts"/>
			<property name="Meshfile" value="@:Other/Items/Weapons/Melee/Knuckles/knucklesSpikedRight_Prefab.prefab"/>
			<property name="HoldType" value="79"/>
			<property name="UnlockedBy" value="vetschemitem_toc_claws_name"/>
			<property class="Action0">
				<property name="ToolCategory.Butcher" value="5" param1="1.5"/>
				<property class="HitSounds">
					<property name="Override0" value="organic" param1="metalstaborganic"/>
				</property>
				<property class="GrazeSounds">
					<property name="Override0" value="organic" param1="metalgrazeorganic"/>
				</property>
			</property>
			<property class="Action1">
				<property name="ToolCategory.Butcher" value="0" param1="1.5"/>
				<property class="HitSounds">
					<property name="Override0" value="organic" param1="metalstaborganic"/>
				</property>
				<property class="GrazeSounds">
					<property name="Override0" value="organic" param1="metalgrazeorganic"/>
				</property>
			</property>
			<effect_group name="vetitem_toc_claws_name">
				<passive_effect name="EntityDamage" operation="base_set" value="14.6" tags="perkBrawler"/>
				<passive_effect name="BlockDamage" operation="base_set" value="6.2" tags="perkBrawler"/>
				<passive_effect name="AttacksPerMinute" operation="base_set" value="120" tags="perkBrawler"/>
				<passive_effect name="StaminaLoss" operation="base_set" value="9.2" tags="primary"/>
				<passive_effect name="DegradationMax" operation="base_set" value="500,1400" tier="1,6" tags="perkBrawler"/>
				<passive_effect name="DegradationPerUse" operation="base_set" value=".8" tags="perkBrawler"/>
				<passive_effect name="MaxRange" operation="base_set" value="2.0" tags="perkBrawler"/>
				<passive_effect name="BlockRange" operation="base_set" value="3" tags="perkBrawler"/>
				<passive_effect name="ModSlots" operation="base_set" value="2,2,3,3,4,4" tier="1,2,3,4,5,6"/>
				<passive_effect name="ModPowerBonus" operation="perc_add" value=".12" tags="EntityDamage,BlockDamage"/>
				<passive_effect name="ModPowerBonus" operation="base_add" value="320" tags="EconomicValue"/>
				<passive_effect name="EntityDamage" operation="perc_add" value="-.1,.19" tags="perkBrawler"/>
				<passive_effect name="EntityDamage" operation="perc_add" value=".1,.9" tier="2,6" tags="perkBrawler"/>
				<passive_effect name="BlockDamage" operation="perc_add" value="-.1,.19" tags="perkBrawler"/>
				<passive_effect name="BlockDamage" operation="perc_add" value=".1,.9" tier="2,6" tags="perkBrawler"/>
				<passive_effect name="DamageModifier" operation="perc_add" value="-.5" tags="earth"/>
				<passive_effect name="DamageModifier" operation="perc_add" value="-.5" tags="stone"/>
				<passive_effect name="DamageModifier" operation="perc_add" value="-.5" tags="metal"/>
				<passive_effect name="DamageModifier" operation="perc_add" value="1.9" tags="organic"/>
				<passive_effect name="HarvestCount" operation="base_set" value="1" tags="butcherHarvest"/>
				<triggered_effect trigger="onSelfEquipStart" action="AddPart" part="LeftKnuckles" prefab="@:Other/Items/Weapons/Melee/Knuckles/knucklesSpikedLeft_Prefab.prefab" parentTransform="Propjoint" localPos="0,0,0" localRot="0,0,0">
					<requirement name="IsFPV"/>
				</triggered_effect>
				<triggered_effect trigger="onSelfEquipStart" action="AddPart" part="LeftKnuckles" prefab="@:Other/Items/Weapons/Melee/Knuckles/knucklesSpikedLeft_Prefab.prefab" parentTransform="LeftHand" localPos="-0.1171,0.004,-0.0187" localRot="-30.53241,-11.3179,135.1055">
					<requirement name="!IsFPV"/>
				</triggered_effect>
				<triggered_effect trigger="onSelfEquipStop" action="RemovePart" part="LeftKnuckles"/>
			</effect_group>
			<effect_group name="Power Attack">
				<passive_effect name="EntityDamage" operation="perc_add" value="1.3" tags="secondary"/>
				<passive_effect name="BlockDamage" operation="perc_add" value="1.3" tags="secondary"/>
				<passive_effect name="AttacksPerMinute" operation="perc_add" value="-.3" tags="secondary"/>
				<passive_effect name="StaminaLoss" operation="base_set" value="15.3" tags="secondary"/>
			</effect_group>
		</item>
		<item name="vetquestitem_toc_claws_name">
			<property name="DescriptionKey" value="vetquestitem_toc_claws_desc"/>
			<property name="CustomIcon" value="challengeQuestMaster"/>
			<property name="CustomIconTint" value="ddccbe"/>
			<property name="Extends" value="questMaster"/>
			<property name="Material" value="MresourcePaper"/>
			<property class="Action0">
				<property name="Class" value="Quest"/>
				<property name="QuestGiven" value="+Quest For Bear Grylls Steel Knuckles"/>
				<property name="Delay" value="0"/>
			</property>
			<property name="Group" value="Special Items"/>
		</item>
		<item name="vetschemitem_toc_claws_name">
			<property name="DescriptionKey" value="vetschemitem_toc_claws_desc"/>
			<property name="Extends" value="schematicMaster"/>
			<property name="CreativeMode" value="Player"/>
			<property name="CustomIcon" value="meleeWpnKnucklesT3SteelKnuckles"/>
			<property name="CustomIconTint" value="5C5CFF"/>
			<property name="Unlocks" value="vetitem_toc_claws_name"/>
			<effect_group tiered="false">
				<triggered_effect trigger="onSelfPrimaryActionEnd" action="ModifyCVar" cvar="vetitem_toc_claws_name" operation="set" value="1"/>
				<triggered_effect trigger="onSelfPrimaryActionEnd" action="GiveExp" exp="500"/>
			</effect_group>
		</item>
	</append>
</config>
