<config>
	<!-- Reviewed by 7DAYSTODIE_JP. We just revised to remove some warnings/errors but did not look carefully. Join Discord to report bugs, supports and requests. Discord: https://discord.gg/Va9CMv59Ej -->
	<append xpath="/item_modifiers/item_modifier[@name='modMeleeClubBurningShaft']">
		<item_property_overrides name="vetitem_toc_claws_name">
			<property name="FlameEffect" value="ParticleEffects/p_torch_wall"/>
		</item_property_overrides>
		<item_property_overrides name="eliteitem_toc_claws_name">
			<property name="FlameEffect" value="ParticleEffects/p_torch_wall"/>
		</item_property_overrides>
	</append>
</config>
