<config>
	<!-- Reviewed by 7DAYSTODIE_JP. We just revised to remove some warnings/errors but did not look carefully. Join Discord to report bugs, supports and requests. Discord: https://discord.gg/Va9CMv59Ej -->
	<append xpath="/quests">
		<quest id="+Quest For Bear Grylls Iron Knuckles">
		<!-- Temporary changed by 7DAYSTODIE_JP -->
			<property name="name_key" value="quest_toc_claws_name"/>
			<property name="subtitle_key" value="quest_toc_claws_subtitle"/>
			<property name="description_key" value="quest_toc_claws_description"/>
			<property name="icon" value="ui_game_symbol_zombie"/>
			<property name="repeatable" value="true"/>
			<property name="category_key" value="quest"/>
			<property name="difficulty" value="easy"/>
			<property name="offer_key" value="quest_toc_claws_offer"/>
			<property name="statement_key" value="quest_toc_claws_statement"/>
			<property name="response_key" value="questdialog_toc_claws"/>
			<property name="group_name_key" value="quest_toc_claws_group"/>
			<property name="shareable" value="false"/>
			<property name="reward_choices_count" value="1"/>
			<objective type="FetchKeep" id="resourcePaper" value="1" phase="1"/>
			<objective type="FetchKeep" id="resourceForgedIron" value="100" phase="1"/>
			<objective type="RandomGoto" value="500-1000" phase="2">
				<property name="completion_distance" value="50"/>
				<property name="nav_object" value="quest"/>
			</objective>
			<objective type="RallyPoint">
				<property name="start_mode" value="Create"/>
				<property name="phase" value="3"/>
				<property name="nav_object" value="rally"/>
			</objective>
			<action type="SpawnEnemy" id="animalBear" value="3" phase="4"/>
			<objective type="EntityKill" id="animalBear" value="3" phase="4"/>
			<requirement type="Quests.Requirements.Holding" id="meleeWpnKnucklesT1IronKnuckles" phase="4"/>
			<reward type="Item" id="schemitem_toc_claws_name" value="1"/>
			<reward type="Item" id="questitem_toc_citizencard_name" value="1"/>
			<reward type="Item" id="modMeleeClubBurningShaft" ischosen="true" count="1"/>
			<reward type="Item" id="casinoCoin" value="560"/>
			<reward type="Exp" value="1000"/>
		</quest>
		<quest id="+Quest For Bear Grylls Steel Knuckles">
		<!-- Temporary changed by 7DAYSTODIE_JP -->
			<property name="name_key" value="vetquest_toc_claws_name"/>
			<property name="subtitle_key" value="vetquest_toc_claws_subtitle"/>
			<property name="description_key" value="vetquest_toc_claws_description"/>
			<property name="icon" value="ui_game_symbol_zombie"/>
			<property name="repeatable" value="true"/>
			<property name="category_key" value="quest"/>
			<property name="difficulty" value="easy"/>
			<property name="offer_key" value="vetquest_toc_claws_offer"/>
			<property name="statement_key" value="vetquest_toc_claws_statement"/>
			<property name="response_key" value="vetquestdialog_toc_claws"/>
			<property name="group_name_key" value="vetquest_toc_claws_group"/>
			<property name="shareable" value="false"/>
			<property name="reward_choices_count" value="1"/>
			<objective type="FetchKeep" id="resourcePaper" value="1" phase="1"/>
			<objective type="FetchKeep" id="resourceForgedSteel" value="100" phase="1"/>
			<objective type="RandomGoto" value="500-1000" phase="2">
				<property name="completion_distance" value="50"/>
				<property name="nav_object" value="quest"/>
			</objective>
			<objective type="RallyPoint">
				<property name="start_mode" value="Create"/>
				<property name="phase" value="3"/>
				<property name="nav_object" value="rally"/>
			</objective>
			<action type="SpawnEnemy" id="animalZombieBear" value="1" phase="4"/>
			<objective type="EntityKill" id="animalZombieBear" value="1" phase="4"/>
			<requirement type="Quests.Requirements.Holding" id="meleeWpnKnucklesT3SteelKnuckles" phase="4"/>
			<reward type="Item" id="vetschemitem_toc_claws_name" value="1"/>
			<reward type="Item" id="modMeleeClubBurningShaft" ischosen="true" count="1"/>
			<reward type="LootItem" id="groupQuestcasinoCoinT1" value="1"/>
			<reward type="Exp" value="2000"/>
		</quest>
	</append>
</config>
