<config>
	<!-- Reviewed by 7DAYSTODIE_JP. We just revised to remove some warnings/errors but did not look carefully. Join Discord to report bugs, supports and requests. Discord: https://discord.gg/Va9CMv59Ej -->
	<append xpath="/lootcontainers/lootgroup[@name='randomEliteQuests']">
		<item name="elitequestitem_toc_glassNonFuzzyBulletproofBlockVariantHelper_name" count="1"/>
	</append>
	<append xpath="lootcontainers">
		<lootgroup name="groupWhiteRiverTOCMolinoVet" loot_quality_template="questT3QualTemplate">
			<item name="questblock_toc_glassNonFuzzyBulletproofBlockVariantHelper" count="50,100"/>
		</lootgroup>
		<lootgroup name="groupWhiteRiverTOCMolinoElite" loot_quality_template="questT3QualTemplate">
			<item name="questblock_toc_glassNonFuzzyBulletproofBlockVariantHelper" count="100,200"/>
		</lootgroup>
	</append>
</config>
