<config>
	<!-- Reviewed by 7DAYSTODIE_JP. We just revised to remove some warnings/errors but did not look carefully. Join Discord to report bugs, supports and requests. Discord: https://discord.gg/Va9CMv59Ej -->
	<append xpath="/items">
		<item name="questitem_vetcoin_daryl">
			<property name="Extends" value="casinoCoin"/>
			<property name="CustomIcon" value="casinoCoin"/>
			<property name="CustomIconTint" value="7fa6ff"/>
			<property name="Stacknumber" value="1"/>
			<property name="Tags" value="ToC_coin"/>
		</item>
		<item name="questitem_elitecoin_daryl">
			<property name="Extends" value="casinoCoin"/>
			<property name="CustomIcon" value="casinoCoin"/>
			<property name="CustomIconTint" value="5f40c4"/>
			<property name="Stacknumber" value="1"/>
			<property name="Tags" value="ToC_coin"/>
		</item>
		<item name="vetquestitem_toc_daryl_name">
			<property name="DescriptionKey" value="vetquestitem_toc_daryl_desc"/>
			<property name="CustomIcon" value="challengeQuestMaster"/>
			<property name="CustomIconTint" value="ddccbe"/>
			<property name="Extends" value="questMaster"/>
			<property name="Material" value="MresourcePaper"/>
			<property class="Action0">
				<property name="Class" value="Quest"/>
				<property name="QuestGiven" value="+Veteran Quest For Daryl's Zombiekiller Crossbow Start"/>
				<property name="Delay" value="0"/>
			</property>
			<property name="Group" value="Special Items"/>
		</item>
		<item name="vetwrititem_toc_daryl_name">
			<property name="DescriptionKey" value="vetwrititem_toc_daryl_desc"/>
			<property name="CustomIcon" value="questMaster"/>
			<property name="CustomIconTint" value="c0c0c0"/>
			<property name="Extends" value="resourcePaper"/>
			<property name="Material" value="MresourcePaper"/>
			<property name="Stacknumber" value="1"/>
			<property name="NoScrapping" value="true"/>
			<property name="Group" value="Special Items"/>
			<property name="SellableToTrader" value="false"/>
			<property class="Action0">
				<property name="Class" value="Quest"/>
				<property name="QuestGiven" value="+Veteran Reward of Daryl's Zombiekiller Crossbow"/>
				<property name="Delay" value="0"/>
			</property>
			<property name="Group" value="Special Items"/>
		</item>
		<item name="vetitem_toc_daryl_name">
			<property name="DescriptionKey" value="vetitem_toc_daryl_desc"/>
			<property name="CustomIcon" value="gunBowT1IronCrossbow"/>
			<property name="CustomIconTint" value="cc3300"/>
			<property name="Tags" value="weapon,ranged,holdBreathAiming,reloadPenalty,sideAttachments,smallTopAttachments,mediumTopAttachments,attAgility,perkArchery,canHaveCosmetic"/>
			<property name="DisplayType" value="rangedBow"/>
			<property name="HoldType" value="26"/>
			<property name="Meshfile" value="@:Other/Items/Weapons/Ranged/Bows/Crossbow/crossbowPrefab.prefab"/>
			<property name="Material" value="MBowCrossbowParts"/>
			<property name="Weight" value="4"/>
			<property name="RepairTools" value="resourceRepairKit"/>
			<property name="FuelValue" value="200"/>
			<property name="EconomicValue" value="500"/>
			<property name="DegradationBreaksAfter" value="false"/>
			<property name="SoundJammed" value="ItemNeedsRepair"/>
			<property name="SoundDestroy" value="wooddestroy1"/>
			<property name="CrosshairOnAim" value="true"/>
			<!-- aimTest -->
			<property name="CrosshairUpAfterShot" value="true"/>
			<!-- aimTest -->
			<property name="Sound_Sight_In" value="crossbow_sight_in"/>
			<property name="Sound_Sight_Out" value="crossbow_sight_out"/>
			<property name="Group" value="Ammo/Weapons"/>
			<property name="RepairExpMultiplier" value="5.5"/>
			<property name="PickupJournalEntry" value="alternateAmmoTip"/>
			<property name="UnlockedBy" value="perkArchery,gunCrossbowIronSchematic"/>
			<property name="ShowQuality" value="true"/>
			<property class="Action0">
				<property name="Class" value="Launcher"/>
				<property name="Hitmask_override" value="Arrow"/>
				<property name="Delay" value=".8"/>
				<!-- obsolete if rounds per minute exists -->
				<property name="Magazine_items" value="ammoCrossbowBoltStone,ammoCrossbowBoltIron,ammoCrossbowBoltSteelAP,ammoCrossbowBoltFlaming,ammoCrossbowBoltExploding"/>
				<!-- <property name="Reload_time" value="4"/> -->
				<property name="Sound_start" value="crossbow_fire"/>
				<property name="Sound_repeat" value=""/>
				<property name="Sound_end" value=""/>
				<property name="Sound_empty" value="dryfire"/>
				<property name="Sound_reload" value="crossbow_reload"/>
				<property name="AutoReload" value="false"/>
			</property>
			<property class="Action1">
				<!-- UseAction -->
				<property name="Class" value="Zoom"/>
				<property name="Zoom_max_out" value="55"/>
				<property name="Zoom_max_in" value="55"/>
			</property>
			<effect_group name="vetitem_toc_daryl_name">
				<passive_effect name="DamageFalloffRange" operation="base_set" value="27" tags="perkArchery"/>
				<passive_effect name="DamageFalloffRange" operation="perc_add" value="-.18,.21" tags="perkArchery"/>
				<!-- random effective rng -->
				<passive_effect name="MaxRange" operation="base_set" value="110" tags="perkArchery"/>
				<passive_effect name="MagazineSize" operation="base_set" value="1" tags="perkArchery"/>
				<passive_effect name="ReloadSpeedMultiplier" operation="base_set" value=".5" tags="perkArchery"/>
				<!-- 3.4s -->
				<passive_effect name="ProjectileVelocity" operation="perc_add" value="-.1" tags="perkArchery"/>
				<passive_effect name="EntityDamage" operation="perc_add" value="-.1,.17" tags="perkArchery"/>
				<!-- random EntityDmg -->
				<passive_effect name="EntityDamage" operation="perc_add" value=".15,.6" tier="2,6" tags="perkArchery"/>
				<!-- tier bonus -->
				<passive_effect name="BlockDamage" operation="perc_add" value="-.1,.17" tags="perkArchery"/>
				<!-- random BlockDmg -->
				<passive_effect name="BlockDamage" operation="perc_add" value=".15,.6" tier="2,6" tags="perkArchery"/>
				<!-- tier bonus -->
				<passive_effect name="DegradationMax" operation="perc_add" value="-.2,.2" tags="perkArchery"/>
				<!-- random DegMax -->
				<passive_effect name="WeaponHandling" operation="perc_add" value="-.08,.08" tags="perkArchery"/>
				<!-- random WeaponHandling -->
				<passive_effect name="SpreadDegreesVertical" operation="base_set" value="3.35" tags="perkArchery"/>
				<passive_effect name="SpreadDegreesHorizontal" operation="base_set" value="3.35" tags="perkArchery"/>
				<passive_effect name="SpreadMultiplierAiming" operation="base_set" value=".10" tags="perkArchery"/>
				<passive_effect name="SpreadMultiplierCrouching" operation="base_set" value=".8" tags="perkArchery"/>
				<passive_effect name="SpreadMultiplierWalking" operation="base_set" value="1.5" tags="perkArchery"/>
				<passive_effect name="SpreadMultiplierRunning" operation="base_set" value="2.2" tags="perkArchery"/>
				<passive_effect name="IncrementalSpreadMultiplier" operation="base_set" value="2" tags="perkArchery"/>
				<passive_effect name="WeaponHandling" operation="base_set" value=".65" tags="perkArchery"/>
				<!-- crosshair reset speed -->
				<passive_effect name="RoundsPerMinute" operation="base_set" value="80" tags="perkArchery"/>
				<passive_effect name="BurstRoundCount" operation="base_set" value="1" tags="perkArchery"/>
				<passive_effect name="KickDegreesVerticalMin" operation="base_set" value="1" tags="perkArchery"/>
				<passive_effect name="KickDegreesVerticalMax" operation="base_set" value="1.5" tags="perkArchery"/>
				<passive_effect name="KickDegreesHorizontalMin" operation="base_set" value="-.5" tags="perkArchery"/>
				<passive_effect name="KickDegreesHorizontalMax" operation="base_set" value="1" tags="perkArchery"/>
				<passive_effect name="DegradationMax" operation="base_set" value="120,250" tier="1,6" tags="perkArchery"/>
				<passive_effect name="DegradationPerUse" operation="base_set" value="1.2" tags="perkArchery"/>
				<passive_effect name="ModSlots" operation="base_set" value="2,2,3,3,4,4" tier="1,2,3,4,5,6"/>
				<passive_effect name="ModPowerBonus" operation="perc_add" value=".11" tags="EntityDamage,BlockDamage"/>
				<passive_effect name="ModPowerBonus" operation="base_add" value="320" tags="EconomicValue"/>
			</effect_group>
			<effect_group name="sneak damage bonus">
				<requirement name="CVarCompare" cvar="_crouching" operation="Equals" value="1"/>
				<requirement name="CVarCompare" cvar="_notAlerted" operation="GT" value="0" target="other"/>
				<passive_effect name="DamageBonus" operation="base_add" value="2.5"/>
				<passive_effect name="EntityDamage" operation="perc_add" value="2.5" tags="perkArchery"/>
				<display_value name="dEntityDamageSneak" value="2.5"/>
			</effect_group>
		</item>
		<!-- ELITE QUEST -->
		<item name="elitequestitem_toc_daryl_name">
			<property name="DescriptionKey" value="elitequestitem_toc_daryl_desc"/>
			<property name="CustomIcon" value="challengeQuestMaster"/>
			<property name="CustomIconTint" value="ddccbe"/>
			<property name="Extends" value="questMaster"/>
			<property class="Action0">
				<property name="Class" value="Quest"/>
				<property name="QuestGiven" value="+Elite Quest For Daryl's Zombiekiller Compound Crossbow Start"/>
				<property name="Delay" value="0"/>
			</property>
			<property name="Group" value="Special Items"/>
		</item>
		<item name="elitewrititem_toc_daryl_name">
			<property name="DescriptionKey" value="elitewrititem_toc_daryl_desc"/>
			<property name="CustomIcon" value="questMaster"/>
			<property name="CustomIconTint" value="d4af37"/>
			<property name="Extends" value="resourcePaper"/>
			<property name="Material" value="MresourcePaper"/>
			<property name="Stacknumber" value="1"/>
			<property name="NoScrapping" value="true"/>
			<property name="SellableToTrader" value="false"/>
			<property name="Group" value="Special Items"/>
			<property class="Action0">
				<property name="Class" value="Quest"/>
				<property name="QuestGiven" value="+Elite Reward of Daryl's Zombiekiller Compound Crossbow"/>
				<property name="Delay" value="0"/>
			</property>
		</item>
		<item name="eliteitem_toc_daryl_name">
			<property name="DescriptionKey" value="eliteitem_toc_daryl_desc"/>
			<property name="CustomIcon" value="gunBowT3CompoundCrossbow"/>
			<property name="CustomIconTint" value="cc3300"/>
			<property name="Tags" value="weapon,ranged,holdBreathAiming,reloadPenalty,sideAttachments,smallTopAttachments,mediumTopAttachments,attAgility,perkArchery,canHaveCosmetic,longShaft"/>
			<property name="DisplayType" value="rangedBow"/>
			<property name="DescriptionKey" value="gunCrossbowIronDesc"/>
			<property name="HoldType" value="69"/>
			<property name="Meshfile" value="@:Other/Items/Weapons/Ranged/Bows/AdvancedBow/AdvancedCompoundCrossbow/AdvancedCompoundCrossbowPrefab.prefab"/>
			<property name="Material" value="MBowCrossbowParts"/>
			<property name="Weight" value="6"/>
			<property name="RepairTools" value="resourceRepairKit"/>
			<property name="FuelValue" value="200"/>
			<property name="EconomicValue" value="1000"/>
			<property name="DegradationBreaksAfter" value="false"/>
			<property name="SoundJammed" value="ItemNeedsRepair"/>
			<property name="SoundDestroy" value="wooddestroy1"/>
			<property name="CrosshairOnAim" value="true"/>
			<!-- aimTest -->
			<property name="CrosshairUpAfterShot" value="true"/>
			<!-- aimTest -->
			<property name="Sound_Sight_In" value="crossbow_sight_in"/>
			<property name="Sound_Sight_Out" value="crossbow_sight_out"/>
			<property name="SoundUnholster" value="crossbow2_unholster"/>
			<property name="SoundHolster" value="crossbow2_holster"/>
			<property name="Group" value="Ammo/Weapons"/>
			<property name="RepairExpMultiplier" value="5.5"/>
			<property name="PickupJournalEntry" value="alternateAmmoTip"/>
			<property name="UnlockedBy" value="gunCrossbowCompoundSchematic"/>
			<property name="ShowQuality" value="true"/>
			<property class="Action0">
				<property name="Class" value="Launcher"/>
				<property name="Hitmask_override" value="Arrow"/>
				<property name="Delay" value=".8"/>
				<!-- obsolete if rounds per minute exists -->
				<property name="Magazine_items" value="ammoCrossbowBoltStone,ammoCrossbowBoltIron,ammoCrossbowBoltSteelAP,ammoCrossbowBoltFlaming,ammoCrossbowBoltExploding"/>
				<!-- <property name="Reload_time" value="4"/> -->
				<property name="Sound_start" value="crossbow2_fire"/>
				<property name="Sound_repeat" value=""/>
				<property name="Sound_end" value=""/>
				<property name="Sound_empty" value="dryfire"/>
				<property name="Sound_reload" value="crossbow2_reload"/>
			</property>
			<property class="Action1">
				<!-- UseAction -->
				<property name="Class" value="Zoom"/>
				<property name="Zoom_max_out" value="55"/>
				<property name="Zoom_max_in" value="55"/>
			</property>
			<effect_group name="vetitem_toc_daryl_name">
				<passive_effect name="DamageFalloffRange" operation="base_set" value="30" tags="perkArchery"/>
				<passive_effect name="DamageFalloffRange" operation="perc_add" value="-.1,.15" tags="perkArchery"/>
				<!-- random effective rng -->
				<passive_effect name="MaxRange" operation="base_set" value="120" tags="perkArchery"/>
				<passive_effect name="MagazineSize" operation="base_set" value="1" tags="perkArchery"/>
				<passive_effect name="ReloadSpeedMultiplier" operation="base_set" value=".5" tags="perkArchery"/>
				<!-- 3.4s -->
				<passive_effect name="ProjectileVelocity" operation="perc_add" value="-.1" tags="perkArchery"/>
				<passive_effect name="EntityDamage" operation="perc_add" value="-.1,.2" tags="perkArchery"/>
				<!-- random EntityDmg -->
				<passive_effect name="EntityDamage" operation="perc_add" value=".15,.7" tier="2,6" tags="perkArchery"/>
				<!-- tier bonus -->
				<passive_effect name="BlockDamage" operation="perc_add" value="-.1,.2" tags="perkArchery"/>
				<!-- random BlockDmg -->
				<passive_effect name="BlockDamage" operation="perc_add" value=".15,.7" tier="2,6" tags="perkArchery"/>
				<!-- tier bonus -->
				<passive_effect name="DegradationMax" operation="perc_add" value="-.2,.2" tags="perkArchery"/>
				<!-- random DegMax -->
				<passive_effect name="WeaponHandling" operation="perc_add" value="-.08,.08" tags="perkArchery"/>
				<!-- random WeaponHandling -->
				<passive_effect name="SpreadDegreesVertical" operation="base_set" value="3.35" tags="perkArchery"/>
				<passive_effect name="SpreadDegreesHorizontal" operation="base_set" value="3.35" tags="perkArchery"/>
				<passive_effect name="SpreadMultiplierAiming" operation="base_set" value=".10" tags="perkArchery"/>
				<passive_effect name="SpreadMultiplierCrouching" operation="base_set" value=".8" tags="perkArchery"/>
				<passive_effect name="SpreadMultiplierWalking" operation="base_set" value="1.5" tags="perkArchery"/>
				<passive_effect name="SpreadMultiplierRunning" operation="base_set" value="2.2" tags="perkArchery"/>
				<passive_effect name="IncrementalSpreadMultiplier" operation="base_set" value="2" tags="perkArchery"/>
				<passive_effect name="WeaponHandling" operation="base_set" value=".7" tags="perkArchery"/>
				<!-- crosshair reset speed -->
				<passive_effect name="RoundsPerMinute" operation="base_set" value="85" tags="perkArchery"/>
				<passive_effect name="BurstRoundCount" operation="base_set" value="1" tags="perkArchery"/>
				<passive_effect name="KickDegreesVerticalMin" operation="base_set" value=".8" tags="perkArchery"/>
				<passive_effect name="KickDegreesVerticalMax" operation="base_set" value="1.2" tags="perkArchery"/>
				<passive_effect name="KickDegreesHorizontalMin" operation="base_set" value="-.5" tags="perkArchery"/>
				<passive_effect name="KickDegreesHorizontalMax" operation="base_set" value="1" tags="perkArchery"/>
				<passive_effect name="DegradationMax" operation="base_set" value="150,300" tier="1,6" tags="perkArchery"/>
				<passive_effect name="DegradationPerUse" operation="base_set" value="1.1" tags="perkArchery"/>
				<passive_effect name="ModSlots" operation="base_set" value="2,2,3,3,4,4" tier="1,2,3,4,5,6"/>
				<passive_effect name="ModPowerBonus" operation="perc_add" value=".12" tags="EntityDamage,BlockDamage"/>
				<passive_effect name="ModPowerBonus" operation="base_add" value="340" tags="EconomicValue"/>
			</effect_group>
			<effect_group name="sneak damage bonus">
				<requirement name="CVarCompare" cvar="_crouching" operation="Equals" value="1"/>
				<requirement name="CVarCompare" cvar="_notAlerted" operation="GT" value="0" target="other"/>
				<passive_effect name="DamageBonus" operation="base_add" value="2.7"/>
				<passive_effect name="EntityDamage" operation="perc_add" value="2.7" tags="perkArchery"/>
				<display_value name="dEntityDamageSneak" value="2.7"/>
			</effect_group>
		</item>
	</append>
</config>
