<config>
	<!-- Reviewed by 7DAYSTODIE_JP. We just revised to remove some warnings/errors but did not look carefully. Join Discord to report bugs, supports and requests. Discord: https://discord.gg/Va9CMv59Ej -->
	<append xpath="/lootcontainers/lootgroup[@name='randomEliteQuests']">
		<item name="elitequestitem_toc_daryl_name" count="1"/>
	</append>
	<append xpath="lootcontainers">
		<lootgroup name="groupQuestToCDarylArrowsVet">
			<item name="ammoCrossbowBoltIron" count="20,50"/>
			<item name="ammoCrossbowBoltFlaming" count="20,30"/>
			<item name="ammoCrossbowBoltStone" count="50,100"/>
		</lootgroup>
		<lootgroup name="groupQuestToCDarylArrowsElite">
			<item name="ammoCrossbowBoltIron" count="50,150"/>
			<item name="ammoCrossbowBoltSteelAP" count="50,75"/>
			<item name="ammoCrossbowBoltFlaming" count="50,100"/>
		</lootgroup>
		<lootgroup name="groupQuestToCDarylBowMods">
			<item name="modGunBowPolymerString"/>
			<item name="modGunMeleeTheHunter"/>
			<item name="modGunForegrip"/>
			<item name="modGunBowArrowRest"/>
			<item name="modGunCrippleEm"/>
		</lootgroup>
		<lootgroup name="groupWhiteRiverTOCDarylVet" loot_quality_template="questT2QualTemplate">
			<item name="vetitem_toc_daryl_name"/>
		</lootgroup>
		<lootgroup name="groupWhiteRiverTOCDarylElite" loot_quality_template="questT3QualTemplate">
			<item name="eliteitem_toc_daryl_name"/>
		</lootgroup>
	</append>
</config>
