<config>
	<!-- Reviewed by 7DAYSTODIE_JP. We just revised to remove some warnings/errors but did not look carefully. Join Discord to report bugs, supports and requests. Discord: https://discord.gg/Va9CMv59Ej -->
	<append xpath="/items">
		<item name="questitem_toc_gupta_name">
			<property name="DescriptionKey" value="questitem_toc_gupta_desc"/>
			<property name="CustomIcon" value="challengeQuestMaster"/>
			<property name="CustomIconTint" value="ddccbe"/>
			<property name="Extends" value="questMaster"/>
			<property name="Material" value="MresourcePaper"/>
			<property class="Action0">
				<property name="Class" value="Quest"/>
				<property name="QuestGiven" value="+Quest For Gupta's Bandages"/>
				<property name="Delay" value="0"/>
			</property>
			<property name="Group" value="Special Items"/>
		</item>
		<item name="medicalGuptaFirstAidBandage">
			<property name="DescriptionKey" value="medicalGuptaFirstAidBandageDesc"/>
			<property name="CustomIcon" value="medicalFirstAidBandage"/>
			<property name="Extends" value="medicalBandage"/>
			<property name="Group" value="Science,Medical"/>
			<property name="EconomicValue" value="25"/>
			<property name="Stacknumber" value="5"/>
			<effect_group tiered="false">
				<!-- used on self -->
				<triggered_effect trigger="onSelfPrimaryActionEnd" action="ModifyCVar" cvar="healAbrasionMult" operation="set" value="4"/>
				<!-- X -->
				<display_value name="dhealAbrasionMult" value="3"/>
				<triggered_effect trigger="onSelfPrimaryActionEnd" action="AddBuff" buff="buffInjuryAbrasionTreated">
					<requirement name="HasBuff" buff="buffInjuryAbrasion"/>
				</triggered_effect>
				<triggered_effect trigger="onSelfPrimaryActionEnd" action="ModifyCVar" cvar="medicalRegHealthAmount" operation="add" value="50"/>
				<!-- X -->
				<triggered_effect trigger="onSelfPrimaryActionEnd" action="ModifyCVar" cvar="medRegHealthIncSpeed" operation="set" value="@medicRegHealthIncreaseSpeed"/>
				<display_value name="foodHealthAmount" value="30"/>
				<triggered_effect trigger="onSelfPrimaryActionEnd" action="AddBuff" buff="buffProcessConsumables"/>
				<triggered_effect trigger="onSelfPrimaryActionEnd" action="RemoveBuff" buff="buffInjuryBleeding"/>
				<display_value name="dStopsBleeding" value="1"/>
				<!-- used on other -->
				<triggered_effect trigger="onSelfSecondaryActionEnd" action="ModifyCVar" target="other" cvar="healAbrasionMult" operation="set" value="4"/>
				<!-- X -->
				<triggered_effect trigger="onSelfSecondaryActionEnd" action="ModifyCVar" target="other" cvar="medicalRegHealthAmount" operation="add" value="50"/>
				<!-- X -->
				<!-- used on other, regular health per tick based on perkPhysician -->
				<triggered_effect trigger="onSelfSecondaryActionEnd" action="ModifyCVar" target="other" cvar="medRegHealthIncSpeed" operation="set" value="3">
					<requirement name="ProgressionLevel" progression_name="perkPhysician" operation="Equals" value="0"/>
				</triggered_effect>
				<triggered_effect trigger="onSelfSecondaryActionEnd" action="ModifyCVar" target="other" cvar="medRegHealthIncSpeed" operation="set" value="3.5">
					<requirement name="ProgressionLevel" progression_name="perkPhysician" operation="Equals" value="1"/>
				</triggered_effect>
				<triggered_effect trigger="onSelfSecondaryActionEnd" action="ModifyCVar" target="other" cvar="medRegHealthIncSpeed" operation="set" value="3.8">
					<requirement name="ProgressionLevel" progression_name="perkPhysician" operation="Equals" value="2"/>
				</triggered_effect>
				<triggered_effect trigger="onSelfSecondaryActionEnd" action="ModifyCVar" target="other" cvar="medRegHealthIncSpeed" operation="set" value="4.1">
					<requirement name="ProgressionLevel" progression_name="perkPhysician" operation="Equals" value="3"/>
				</triggered_effect>
				<triggered_effect trigger="onSelfSecondaryActionEnd" action="ModifyCVar" target="other" cvar="medRegHealthIncSpeed" operation="set" value="4.5">
					<requirement name="ProgressionLevel" progression_name="perkPhysician" operation="Equals" value="4"/>
				</triggered_effect>
				<triggered_effect trigger="onSelfSecondaryActionEnd" action="AddBuff" target="other" buff="buffProcessConsumables"/>
				<triggered_effect trigger="onSelfSecondaryActionEnd" action="RemoveBuff" target="other" buff="buffInjuryBleeding"/>
				<triggered_effect trigger="onSelfSecondaryActionEnd" action="AddBuff" target="other" buff="buffInjuryAbrasionTreated">
					<requirement name="HasBuff" buff="buffInjuryAbrasion"/>
				</triggered_effect>
			</effect_group>
			<effect_group tiered="false">
				<!-- medical XP gains -->
				<triggered_effect trigger="onSelfPrimaryActionEnd" action="GiveExp" exp="120"/>
				<triggered_effect trigger="onSelfPrimaryActionEnd" action="GiveExp" exp="60">
					<requirement name="ProgressionLevel" progression_name="perkPhysician" operation="Equals" value="1"/>
				</triggered_effect>
				<triggered_effect trigger="onSelfPrimaryActionEnd" action="GiveExp" exp="80">
					<requirement name="ProgressionLevel" progression_name="perkPhysician" operation="Equals" value="2"/>
				</triggered_effect>
				<triggered_effect trigger="onSelfPrimaryActionEnd" action="GiveExp" exp="100">
					<requirement name="ProgressionLevel" progression_name="perkPhysician" operation="Equals" value="3"/>
				</triggered_effect>
				<triggered_effect trigger="onSelfPrimaryActionEnd" action="GiveExp" exp="120">
					<requirement name="ProgressionLevel" progression_name="perkPhysician" operation="Equals" value="4"/>
				</triggered_effect>
			</effect_group>
			<effect_group tiered="false">
				<!-- medical XP secondary action gains -->
				<triggered_effect trigger="onSelfSecondaryActionEnd" action="GiveExp" exp="120"/>
				<triggered_effect trigger="onSelfSecondaryActionEnd" action="GiveExp" exp="60">
					<requirement name="ProgressionLevel" progression_name="perkPhysician" operation="Equals" value="1"/>
				</triggered_effect>
				<triggered_effect trigger="onSelfSecondaryActionEnd" action="GiveExp" exp="80">
					<requirement name="ProgressionLevel" progression_name="perkPhysician" operation="Equals" value="2"/>
				</triggered_effect>
				<triggered_effect trigger="onSelfSecondaryActionEnd" action="GiveExp" exp="100">
					<requirement name="ProgressionLevel" progression_name="perkPhysician" operation="Equals" value="3"/>
				</triggered_effect>
				<triggered_effect trigger="onSelfSecondaryActionEnd" action="GiveExp" exp="120">
					<requirement name="ProgressionLevel" progression_name="perkPhysician" operation="Equals" value="4"/>
				</triggered_effect>
			</effect_group>
		</item>
		<item name="medicalGuptaFirstAidKit">
			<property name="DescriptionKey" value="medicalGuptaFirstAidKitDesc"/>
			<property name="CustomIcon" value="medicalFirstAidKit"/>
			<property name="Extends" value="medicalBandage"/>
			<property name="DisplayType" value="medicalFirstAidKit"/>
			<property name="Group" value="Science,Medical"/>
			<property name="EconomicValue" value="2000"/>
			<property name="Stacknumber" value="5"/>
			<property class="Action0">
				<!-- <requirement name="StatCompare" stat="health" operation="lte" value="50"/> -->
				<property name="Sound_start" value="player_firstAidKit"/>
			</property>
			<property class="Action1">
				<property name="Sound_start" value="player_firstAidKit"/>
			</property>
			<effect_group tiered="false">
				<triggered_effect trigger="onSelfPrimaryActionEnd" action="ModifyCVar" cvar="healAbrasionMult" operation="set" value="5"/>
				<!-- X -->
				<display_value name="dhealAbrasionMult" value="4"/>
				<triggered_effect trigger="onSelfPrimaryActionEnd" action="AddBuff" buff="buffInjuryAbrasionTreated">
					<requirement name="HasBuff" buff="buffInjuryAbrasion"/>
				</triggered_effect>
				<triggered_effect trigger="onSelfPrimaryActionEnd" action="ModifyCVar" cvar="medicalRegHealthAmount" operation="add" value="200"/>
				<!-- X -->
				<triggered_effect trigger="onSelfPrimaryActionEnd" action="ModifyCVar" cvar="medRegHealthIncSpeed" operation="set" value="@medicRegHealthIncreaseSpeed"/>
				<display_value name="foodHealthAmount" value="180"/>
				<triggered_effect trigger="onSelfPrimaryActionEnd" action="AddBuff" buff="buffProcessConsumables"/>
				<triggered_effect trigger="onSelfPrimaryActionEnd" action="RemoveBuff" buff="buffInjuryBleeding"/>
				<display_value name="dStopsBleeding" value="1"/>
				<triggered_effect trigger="onSelfPrimaryActionEnd" action="RemoveBuff" buff="buffLaceration"/>
				<display_value name="dStopsLaceration" value="1"/>
				<!-- used on other -->
				<triggered_effect trigger="onSelfSecondaryActionEnd" action="ModifyCVar" target="other" cvar="healAbrasionMult" operation="set" value="5"/>
				<!-- X -->
				<triggered_effect trigger="onSelfSecondaryActionEnd" action="ModifyCVar" target="other" cvar="medicalRegHealthAmount" operation="add" value="200"/>
				<!-- X -->
				<!-- used on other, regular health per tick based on perkPhysician -->
				<triggered_effect trigger="onSelfSecondaryActionEnd" action="ModifyCVar" target="other" cvar="medRegHealthIncSpeed" operation="set" value="5">
					<requirement name="ProgressionLevel" progression_name="perkPhysician" operation="Equals" value="0"/>
				</triggered_effect>
				<triggered_effect trigger="onSelfSecondaryActionEnd" action="ModifyCVar" target="other" cvar="medRegHealthIncSpeed" operation="set" value="5.5">
					<requirement name="ProgressionLevel" progression_name="perkPhysician" operation="Equals" value="1"/>
				</triggered_effect>
				<triggered_effect trigger="onSelfSecondaryActionEnd" action="ModifyCVar" target="other" cvar="medRegHealthIncSpeed" operation="set" value="5.8">
					<requirement name="ProgressionLevel" progression_name="perkPhysician" operation="Equals" value="2"/>
				</triggered_effect>
				<triggered_effect trigger="onSelfSecondaryActionEnd" action="ModifyCVar" target="other" cvar="medRegHealthIncSpeed" operation="set" value="6.1">
					<requirement name="ProgressionLevel" progression_name="perkPhysician" operation="Equals" value="3"/>
				</triggered_effect>
				<triggered_effect trigger="onSelfSecondaryActionEnd" action="ModifyCVar" target="other" cvar="medRegHealthIncSpeed" operation="set" value="6.5">
					<requirement name="ProgressionLevel" progression_name="perkPhysician" operation="Equals" value="4"/>
				</triggered_effect>
				<triggered_effect trigger="onSelfSecondaryActionEnd" action="AddBuff" target="other" buff="buffProcessConsumables"/>
				<triggered_effect trigger="onSelfSecondaryActionEnd" action="RemoveBuff" target="other" buff="buffInjuryBleeding"/>
				<triggered_effect trigger="onSelfSecondaryActionEnd" action="RemoveBuff" target="other" buff="buffLaceration"/>
				<triggered_effect trigger="onSelfSecondaryActionEnd" action="GiveExp" exp="1000"/>
				<triggered_effect trigger="onSelfSecondaryActionEnd" action="AddBuff" target="other" buff="buffInjuryAbrasionTreated">
					<requirement name="HasBuff" buff="buffInjuryAbrasion"/>
				</triggered_effect>
			</effect_group>
			<effect_group tiered="false">
				<!-- medical XP gains -->
				<triggered_effect trigger="onSelfPrimaryActionEnd" action="GiveExp" exp="1000"/>
				<triggered_effect trigger="onSelfPrimaryActionEnd" action="GiveExp" exp="500">
					<requirement name="ProgressionLevel" progression_name="perkPhysician" operation="Equals" value="1"/>
				</triggered_effect>
				<triggered_effect trigger="onSelfPrimaryActionEnd" action="GiveExp" exp="500">
					<requirement name="ProgressionLevel" progression_name="perkPhysician" operation="Equals" value="2"/>
				</triggered_effect>
				<triggered_effect trigger="onSelfPrimaryActionEnd" action="GiveExp" exp="600">
					<requirement name="ProgressionLevel" progression_name="perkPhysician" operation="Equals" value="3"/>
				</triggered_effect>
				<triggered_effect trigger="onSelfPrimaryActionEnd" action="GiveExp" exp="800">
					<requirement name="ProgressionLevel" progression_name="perkPhysician" operation="Equals" value="4"/>
				</triggered_effect>
			</effect_group>
			<effect_group tiered="false">
				<!-- medical XP secondary action gains -->
				<triggered_effect trigger="onSelfSecondaryActionEnd" action="GiveExp" exp="1000"/>
				<triggered_effect trigger="onSelfSecondaryActionEnd" action="GiveExp" exp="500">
					<requirement name="ProgressionLevel" progression_name="perkPhysician" operation="Equals" value="1"/>
				</triggered_effect>
				<triggered_effect trigger="onSelfSecondaryActionEnd" action="GiveExp" exp="500">
					<requirement name="ProgressionLevel" progression_name="perkPhysician" operation="Equals" value="2"/>
				</triggered_effect>
				<triggered_effect trigger="onSelfSecondaryActionEnd" action="GiveExp" exp="600">
					<requirement name="ProgressionLevel" progression_name="perkPhysician" operation="Equals" value="3"/>
				</triggered_effect>
				<triggered_effect trigger="onSelfSecondaryActionEnd" action="GiveExp" exp="800">
					<requirement name="ProgressionLevel" progression_name="perkPhysician" operation="Equals" value="4"/>
				</triggered_effect>
			</effect_group>
		</item>
	</append>
</config>