<config>
    <append xpath="/gameevents/action_sequence[@name='game_first_spawn']">
        <action class="AddJournalTip">
            <property name="tip_name" value="quantumElevatorTip00" />
            <property name="show_window" value="false" />
            <property name="phase" value="4" />
        </action>
        <action class="AddJournalTip">
            <property name="tip_name" value="quantumElevatorTip01" />
            <property name="show_window" value="false" />
            <property name="phase" value="4" />
        </action>
        <action class="AddJournalTip">
            <property name="tip_name" value="quantumElevatorTip02" />
            <property name="show_window" value="false" />
            <property name="phase" value="4" />
        </action>
    </append>
</config>