<config>

	<set xpath="progression/crafting_skills/crafting_skill[@name='craftingBlades']/@max_level">150</set>
	<append xpath="/progression/crafting_skills/crafting_skill[@name='craftingBlades']">
		<display_entry item="LegendaryHarvester"
		               unlock_level="80,90,100,110,120,150"/>
		<effect_group>
			<passive_effect name="RecipeTagUnlocked"
			                operation="base_set"
			                level="80,150"
			                value="1"
			                tags="LegendaryHarvester"/>
			<passive_effect name="CraftingTier"
			                operation="base_add"
			                level="80,90,100,110,120,150"
			                value="1,2,3,4,5,6"
			                tags="LegendaryHarvester"/>
		</effect_group>
	</append>
</config>