<configs>
	<append xpath="/recipes">

	<recipe name="LegendaryHarvester" count="1" craft_time="300" craft_area="workbench"  tags="learnable,perk">
		<ingredient name="meleeWpnKnucklesT3SteelKnucklesParts" count="10"/>
		<ingredient name="resourceForgedSteel" count="80"/>
		<ingredient name="resourceMechanicalParts" count="50"/>
		<ingredient name="meleeWpnBladeT3MacheteParts" count="10"/>
		<effect_group>
		<passive_effect name="CraftingIngredientCount" level="2,6" operation="perc_add" value="1,5" tags="meleeWpnKnucklesT3SteelKnucklesParts,resourceForgedSteel,resourceMechanicalParts,meleeWpnBladeT3MacheteParts"/>
	</effect_group>
</recipe>
</append>
</configs>