<config>
	<!-- Reviewed by 7DAYSTODIE_JP. We just revised to remove some warnings/errors but did not look carefully. Join Discord to report bugs, supports and requests. Discord: https://discord.gg/Va9CMv59Ej -->
	<append xpath="/recipes">
		<recipe name="vetquestitem_toc_pav_name" count="1" craft_time="1" craft_exp_gain="0">
			<ingredient name="questitem_toc_veterancard_name" count="1"/>
		</recipe>
		<recipe name="vetquestwrit_toc_pav_name" count="1" craft_time="90" craft_exp_gain="5000">
			<ingredient name="gunRifleT2LeverActionRifle" count="5"/>
			<ingredient name="resourcePaper" count="1"/>
			<ingredient name="questitem_vetcoin_pav" count="1"/>
		</recipe>
		<recipe name="vetquestwrit_toc_pav_rifle_name" count="1" craft_time="300" craft_exp_gain="10000">
			<ingredient name="questitem_toc_pav_trigger_name" count="1"/>
			<ingredient name="questitem_toc_pav_barrel_name" count="1"/>
			<ingredient name="questitem_toc_pav_stock_name" count="1"/>
			<ingredient name="gunRifleT1HuntingRifleParts" count="20"/>
			<ingredient name="resourcePaper" count="1"/>
		</recipe>
	</append>
</config>
