<config>
	<!-- Reviewed by 7DAYSTODIE_JP. We just revised to remove some warnings/errors but did not look carefully. Join Discord to report bugs, supports and requests. Discord: https://discord.gg/Va9CMv59Ej -->
	<append xpath="/quests">
		<quest id="+Quest For Dundee's Knife Start">
			<property name="name_key" value="quest_toc_dundee_name"/>
			<property name="subtitle_key" value="quest_toc_dundee_subtitle"/>
			<property name="description_key" value="quest_toc_dundee_description"/>
			<property name="icon" value="ui_game_symbol_map_trader"/>
			<property name="repeatable" value="true"/>
			<property name="category_key" value="quest"/>
			<property name="difficulty" value="veryeasy"/>
			<property name="offer_key" value="quest_toc_dundee_offer"/>
			<property name="statement_key" value="quest_toc_dundee_statement"/>
			<property name="response_key" value="questdialog_toc_dundee"/>
			<property name="group_name_key" value="quest_toc_dundee_group"/>
			<property name="shareable" value="false"/>
			<reward type="Quest" id="+Quest For Dundee's Knife"/>
			<reward type="Item" id="questitem_coin_dundee" count="1"/>
		</quest>
		<quest id="+Quest For Dundee's Knife">
			<property name="name_key" value="quest_toc_dundee_name"/>
			<property name="subtitle_key" value="quest_toc_dundee_subtitle"/>
			<property name="description_key" value="quest_toc_dundee_description"/>
			<property name="icon" value="ui_game_symbol_map_trader"/>
			<property name="repeatable" value="true"/>
			<property name="category_key" value="quest"/>
			<property name="difficulty" value="veryeasy"/>
			<property name="offer_key" value="quest_toc_dundee_offer"/>
			<property name="statement_key" value="quest_toc_dundee_statement"/>
			<property name="response_key" value="questdialog_toc_dundee"/>
			<property name="group_name_key" value="quest_toc_dundee_group"/>
			<property name="shareable" value="false"/>
			<objective type="FetchKeep" id="meleeWpnBladeT0BoneKnife" value="10" phase="1"/>
			<objective type="FetchKeep" id="resourcePaper" value="1" phase="1"/>
			<objective type="Craft" id="questwrit_toc_dundee_name" value="1" phase="2"/>
			<reward type="Exp" value="1000"/>
		</quest>
		<quest id="+Reward of Dundee's Knife">
			<property name="name_key" value="questreward_toc_dundee_name"/>
			<property name="subtitle_key" value="questreward_toc_dundee_subtitle"/>
			<property name="description_key" value="questreward_toc_dundee_description"/>
			<property name="icon" value="ui_game_symbol_map_trader"/>
			<property name="repeatable" value="true"/>
			<property name="category_key" value="quest"/>
			<property name="difficulty" value="veryeasy"/>
			<property name="offer_key" value="questreward_toc_dundee_offer"/>
			<property name="statement_key" value="questreward_toc_dundee_statement"/>
			<property name="response_key" value="questrewarddialog_toc_dundee"/>
			<property name="group_name_key" value="quest_toc_dundee_group"/>
			<property name="shareable" value="false"/>
			<property name="completiontype" value="TurnIn"/>
			<property name="reward_choices_count" value="3"/>
			<objective type="Goto" value="5" phase="1"/>
			<objective type="ReturnToNPC">
				<property name="phase" value="2"/>
				<property name="nav_object" value="return_to_trader"/>
			</objective>
			<objective type="InteractWithNPC">
				<property name="phase" value="3"/>
				<property name="nav_object" value="return_to_trader"/>
			</objective>
			<reward type="Exp" value="1500"/>
			<reward type="Item" id="casinoCoin" value="560"/>
			<reward type="Item" id="questitem_toc_citizencard_name" value="1"/>
			<!-- This makes the quest repeatable -->
			<reward type="LootItem" id="groupWhiteRiverTOCDundee" value="1"/>
			<reward type="LootItem" id="groupWhiteRiverTOCConcreteBlocks" value="1"/>
			<reward type="LootItem" id="groupQuestSchematics" ischosen="true" value="1"/>
			<reward type="LootItem" id="groupQuestMods" ischosen="true" value="1"/>
			<reward type="LootItem" id="groupQuestTools" ischosen="true" value="1"/>
			<reward type="LootItem" id="groupQuestToCSeeds" ischosen="true" value="1"/>
			<reward type="LootItem" id="groupQuestT2Food" ischosen="true" value="1"/>
		</quest>
	</append>
</config>
