<config>
<!-- Reviewed by 7DAYSTODIE_JP. We just revised to remove some warnings/errors but did not look carefully. Join Discord to report bugs, supports and requests. Discord: https://discord.gg/Va9CMv59Ej -->
	<append xpath="/blocks">
		<block name="questblock_toc_randomcrate_name">
			<property name="DescriptionKey" value="questblock_toc_randomcrate_desc"/>
			<property name="CustomIcon" value="cntShippingCrateHero"/>
			<property name="CustomIconTint" value="ffffb3"/>
			<property name="Extends" value="cntShippingCrateHero"/>
			<property name="DowngradeBlock" value="Random_Elite_Citizen_Crate"/>
			<property name="FilterTags" value="floot"/>
		</block>
		<block name="Random_Elite_Citizen_Crate">
			<property name="CustomIcon" value="cntCardboardBox"/>
			<property name="CustomIconTint" value="333333"/>
			<property name="Extends" value="cntGarageStorage"/>
			<property name="LootList" value="WhiteRiverToCRequiredRandom"/>
		</block>
	</append>
</config>
