<config>
<!-- Reviewed by 7DAYSTODIE_JP. We just revised to remove some warnings/errors but did not look carefully. Join Discord to report bugs, supports and requests. Discord: https://discord.gg/Va9CMv59Ej -->
	<append xpath="/items">
		<!-- This is crafted freely by the player to kick off the 10-Zombie Challenge -->
		<item name="questitem_toc_declaration_name">
			<property name="DescriptionKey" value="questitem_toc_declaration_description"/>
			<property name="CustomIcon" value="questMaster"/>
			<property name="CustomIconTint" value="a4ff84"/>
			<property name="Extends" value="questMaster"/>
			<property name="Stacknumber" value="1"/>
			<property name="NoScrapping" value="true"/>
			<property name="Weight" value="0"/>
			<property name="Group" value="Special Items"/>
			<property class="Action0">
				<property name="Class" value="Quest"/>
				<property name="QuestGiven" value="quest_whiteRiverCitizen3"/>
				<property name="Delay" value="0"/>
			</property>
		</item>
		<item name="questitem_toc_citizencard_name">
			<property name="DescriptionKey" value="questitem_toc_citizencard_description"/>
			<property name="CustomIcon" value="resourcePaper"/>
			<property name="CustomIconTint" value="2eb200"/>
			<property name="Extends" value="resourcePaper"/>
			<property name="Stacknumber" value="1"/>
			<property name="NoScrapping" value="true"/>
			<property name="Weight" value="0"/>
			<property name="Group" value="Special Items"/>
		</item>
		<item name="questitem_toc_veteranquest_name">
			<property name="DescriptionKey" value="questitem_toc_veteranquest_description"/>
			<property name="CustomIcon" value="resourcePaper"/>
			<property name="CustomIconTint" value="660000"/>
			<property name="Extends" value="resourcePaper"/>
			<property name="Stacknumber" value="1"/>
			<property name="Weight" value="0"/>
			<property name="Group" value="Special Items"/>
			<property class="Action0">
				<property name="Class" value="Quest"/>
				<property name="QuestGiven" value="Kill_100_Zombies"/>
				<property name="Delay" value="0"/>
			</property>
		</item>
		<item name="questitem_toc_veterancard_name">
			<property name="DescriptionKey" value="questitem_toc_veterancard_description"/>
			<property name="CustomIcon" value="resourcePaper"/>
			<property name="CustomIconTint" value="7fa6ff"/>
			<property name="Extends" value="resourcePaper"/>
			<property name="Stacknumber" value="1"/>
			<property name="NoScrapping" value="true"/>
			<property name="Weight" value="0"/>
			<property name="Group" value="Special Items"/>
		</item>
		<item name="questitem_toc_elitequest_name">
			<property name="DescriptionKey" value="questitem_toc_elitequest_description"/>
			<property name="CustomIcon" value="resourcePaper"/>
			<property name="CustomIconTint" value="660000"/>
			<property name="Extends" value="resourcePaper"/>
			<property name="Stacknumber" value="1"/>
			<property name="Weight" value="0"/>
			<property name="Group" value="Special Items"/>
			<property name="Description" value=""/>
			<property class="Action0">
				<property name="Class" value="Quest"/>
				<property name="QuestGiven" value="Kill_1000_Zombies"/>
				<property name="Delay" value="0"/>
			</property>
		</item>
		<item name="questitem_toc_elitecard_name">
			<property name="DescriptionKey" value="questitem_toc_elitecard_description"/>
			<property name="CustomIcon" value="resourcePaper"/>
			<property name="CustomIconTint" value="5f40c4"/>
			<property name="Extends" value="resourcePaper"/>
			<property name="Stacknumber" value="1"/>
			<property name="NoScrapping" value="true"/>
			<property name="Weight" value="0"/>
			<property name="Group" value="Special Items"/>
		</item>
		<item name="questitem_toc_randomelite_name">
			<property name="DescriptionKey" value="questitem_toc_randomelite_desc"/>
			<property name="CustomIcon" value="challengeQuestMaster"/>
			<property name="CustomIconTint" value="660000"/>
			<property name="Extends" value="resourcePaper"/>
			<property name="Stacknumber" value="1"/>
			<property name="Weight" value="0"/>
			<property name="Group" value="Special Items"/>
			<property class="Action0">
				<property name="Class" value="Quest"/>
				<property name="QuestGiven" value="Obtain_a_Random_Elite_Quest"/>
				<property name="Delay" value="0"/>
			</property>
		</item>
	</append>
</config>