<config>
	<!-- Reviewed by 7DAYSTODIE_JP. We just revised to remove some warnings/errors but did not look carefully. Join Discord to report bugs, supports and requests. Discord: https://discord.gg/Va9CMv59Ej -->
	<insertAfter xpath="/lootcontainers/lootgroup[@name='empty']">
		<lootgroup name="groupBooksGreekFire">
			<item name="item_toc_greekfire_name"/>
		</lootgroup>
	</insertAfter>
	<append xpath="/lootcontainers/lootgroup[@name='ToCBooks']">
		<item group="groupBooksGreekFire" count="1" prob=".02"/>
	</append>
</config>
