<Jacked>

<!-- snow biome -->

<set xpath="/worldgeneration/biomes/biome[@name='snow']/weather[@name='default']/@prob">44</set>
<set xpath="/worldgeneration/biomes/biome[@name='snow']/weather[@name='fog']/@prob">8</set>
<set xpath="/worldgeneration/biomes/biome[@name='snow']/weather[@name='snow']/@prob">40</set>
<set xpath="/worldgeneration/biomes/biome[@name='snow']/weather[@name='storm']/@prob">8</set>

<set xpath="/worldgeneration/biomes/biome[@name='snow']/weather[@name='storm']/CloudThickness/@min">90</set>
<set xpath="/worldgeneration/biomes/biome[@name='snow']/weather[@name='storm']/CloudThickness/@max">100</set>
<set xpath="/worldgeneration/biomes/biome[@name='snow']/weather[@name='storm']/Precipitation/@min">70</set>
<set xpath="/worldgeneration/biomes/biome[@name='snow']/weather[@name='storm']/Precipitation/@max">100</set>
<set xpath="/worldgeneration/biomes/biome[@name='snow']/weather[@name='storm']/Wind/@min">40</set>
<set xpath="/worldgeneration/biomes/biome[@name='snow']/weather[@name='storm']/Wind/@max">50</set>

<set xpath="/worldgeneration/biomes/biome[@name='snow']/weather[@name='bloodMoon']/CloudThickness/@min">50</set>
<set xpath="/worldgeneration/biomes/biome[@name='snow']/weather[@name='bloodMoon']/CloudThickness/@max">50</set>
<set xpath="/worldgeneration/biomes/biome[@name='snow']/weather[@name='bloodMoon']/Precipitation/@min">0</set>
<set xpath="/worldgeneration/biomes/biome[@name='snow']/weather[@name='bloodMoon']/Precipitation/@max">0</set>
<set xpath="/worldgeneration/biomes/biome[@name='snow']/weather[@name='bloodMoon']/Wind/@min">15</set>
<set xpath="/worldgeneration/biomes/biome[@name='snow']/weather[@name='bloodMoon']/Wind/@max">20</set>

<!-- pine forest biome-->

<set xpath="/worldgeneration/biomes/biome[@name='pine_forest']/weather[@name='default']/@prob">40</set>
<set xpath="/worldgeneration/biomes/biome[@name='pine_forest']/weather[@name='fog']/@prob">5</set>
<set xpath="/worldgeneration/biomes/biome[@name='pine_forest']/weather[@name='rain']/@prob">5</set>
<set xpath="/worldgeneration/ biomes/biome[@name='pine_forest']/weather[@name='storm']/@prob">50</set>

<set xpath="/worldgeneration/biomes/biome[@name='pine_forest']/weather[@name='storm']/CloudThickness/@min">90</set>
<set xpath="/worldgeneration/biomes/biome[@name='pine_forest']/weather[@name='storm']/CloudThickness/@max">100</set>
<set xpath="/worldgeneration/biomes/biome[@name='pine_forest']/weather[@name='storm']/Precipitation/@min">90</set>
<set xpath="/worldgeneration/biomes/biome[@name='pine_forest']/weather[@name='storm']/Precipitation/@max">100</set>
<set xpath="/worldgeneration/biomes/biome[@name='pine_forest']/weather[@name='storm']/Wind/@min">45</set>
<set xpath="/worldgeneration/biomes/biome[@name='pine_forest']/weather[@name='storm']/Wind/@max">60</set>

<set xpath="/worldgeneration/biomes/biome[@name='pine_forest']/weather[@name='bloodMoon']/CloudThickness/@min">90</set>
<set xpath="/worldgeneration/biomes/biome[@name='pine_forest']/weather[@name='bloodMoon']/CloudThickness/@max">100</set>
<set xpath="/worldgeneration/biomes/biome[@name='pine_forest']/weather[@name='bloodMoon']/Precipitation/@min">90</set>
<set xpath="/worldgeneration/biomes/biome[@name='pine_forest']/weather[@name='bloodMoon']/Precipitation/@max">100</set>
<set xpath="/worldgeneration/biomes/biome[@name='pine_forest']/weather[@name='bloodMoon']/Wind/@min">45</set>
<set xpath="/worldgeneration/biomes/biome[@name='pine_forest']/weather[@name='bloodMoon']/Wind/@max">60</set>

<!-- desert biome  -->

<set xpath="/worldgeneration/biomes/biome[@name='desert']/weather[@name='default']/@prob">87</set>
<set xpath="/worldgeneration/biomes/biome[@name='desert']/weather[@name='fog']/@prob">0</set>
<set xpath="/worldgeneration/biomes/biome[@name='desert']/weather[@name='rain']/@prob">8</set>
<set xpath="/worldgeneration/biomes/biome[@name='desert']/weather[@name='storm']/@prob">5</set>

<set xpath="/worldgeneration/biomes/biome[@name='desert']/weather[@name='storm']/CloudThickness/@min">90</set>
<set xpath="/worldgeneration/biomes/biome[@name='desert']/weather[@name='storm']/CloudThickness/@max">100</set>
<set xpath="/worldgeneration/biomes/biome[@name='desert']/weather[@name='storm']/Precipitation/@min">55</set>
<set xpath="/worldgeneration/biomes/biome[@name='desert']/weather[@name='storm']/Precipitation/@max">80</set>
<set xpath="/worldgeneration/biomes/biome[@name='desert']/weather[@name='storm']/Wind/@min">50</set>
<set xpath="/worldgeneration/biomes/biome[@name='desert']/weather[@name='storm']/Wind/@max">55</set>

<set xpath="/worldgeneration/biomes/biome[@name='desert']/weather[@name='bloodMoon']/CloudThickness/@min">50</set>
<set xpath="/worldgeneration/biomes/biome[@name='desert']/weather[@name='bloodMoon']/CloudThickness/@max">50</set>
<set xpath="/worldgeneration/biomes/biome[@name='desert']/weather[@name='bloodMoon']/Precipitation/@min">0</set>
<set xpath="/worldgeneration/biomes/biome[@name='desert']/weather[@name='bloodMoon']/Precipitation/@max">0</set>
<set xpath="/worldgeneration/biomes/biome[@name='desert']/weather[@name='bloodMoon']/Wind/@min">15</set>
<set xpath="/worldgeneration/biomes/biome[@name='desert']/weather[@name='bloodMoon']/Wind/@max">20</set>

<!-- wasteland biome -->

<set xpath="/worldgeneration/biomes/biome[@name='wasteland']/weather[@name='default']/@prob">80</set>
<set xpath="/worldgeneration/biomes/biome[@name='wasteland']/weather[@name='fog']/@prob">0</set>
<set xpath="/worldgeneration/biomes/biome[@name='wasteland']/weather[@name='rain']/@prob">15</set>
<set xpath="/worldgeneration/biomes/biome[@name='wasteland']/weather[@name='storm']/@prob">5</set>

<set xpath="/worldgeneration/biomes/biome[@name='wasteland']/weather[@name='storm']/CloudThickness/@min">90</set>
<set xpath="/worldgeneration/biomes/biome[@name='wasteland']/weather[@name='storm']/CloudThickness/@max">100</set>
<set xpath="/worldgeneration/biomes/biome[@name='wasteland']/weather[@name='storm']/Precipitation/@min">90</set>
<set xpath="/worldgeneration/biomes/biome[@name='wasteland']/weather[@name='storm']/Precipitation/@max">100</set>
<set xpath="/worldgeneration/biomes/biome[@name='wasteland']/weather[@name='storm']/Wind/@min">35</set>
<set xpath="/worldgeneration/biomes/biome[@name='wasteland']/weather[@name='storm']/Wind/@max">50</set>

<set xpath="/worldgeneration/biomes/biome[@name='wasteland']/weather[@name='bloodMoon']/CloudThickness/@min">50</set>
<set xpath="/worldgeneration/biomes/biome[@name='wasteland']/weather[@name='bloodMoon']/CloudThickness/@max">50</set>
<set xpath="/worldgeneration/biomes/biome[@name='wasteland']/weather[@name='bloodMoon']/Precipitation/@min">0</set>
<set xpath="/worldgeneration/biomes/biome[@name='wasteland']/weather[@name='bloodMoon']/Precipitation/@max">0</set>
<set xpath="/worldgeneration/biomes/biome[@name='wasteland']/weather[@name='bloodMoon']/Wind/@min">15</set>
<set xpath="/worldgeneration/biomes/biome[@name='wasteland']/weather[@name='bloodMoon']/Wind/@max">20</set>

<!-- burnt forest biome -->

<set xpath="/worldgeneration/biomes/biome[@name='burnt_forest']/weather[@name='default']/@prob">75</set>
<set xpath="/worldgeneration/biomes/biome[@name='burnt_forest']/weather[@name='fog']/@prob">0</set>
<set xpath="/worldgeneration/biomes/biome[@name='burnt_forest']/weather[@name='rain']/@prob">15</set>
<set xpath="/worldgeneration/biomes/biome[@name='burnt_forest']/weather[@name='storm']/@prob">10</set>

<set xpath="/worldgeneration/biomes/biome[@name='burnt_forest']/weather[@name='storm']/CloudThickness/@min">90</set>
<set xpath="/worldgeneration/biomes/biome[@name='burnt_forest']/weather[@name='storm']/CloudThickness/@max">100</set>
<set xpath="/worldgeneration/biomes/biome[@name='burnt_forest']/weather[@name='storm']/Precipitation/@min">90</set>
<set xpath="/worldgeneration/biomes/biome[@name='burnt_forest']/weather[@name='storm']/Precipitation/@max">100</set>
<set xpath="/worldgeneration/biomes/biome[@name='burnt_forest']/weather[@name='storm']/Wind/@min">35</set>
<set xpath="/worldgeneration/biomes/biome[@name='burnt_forest']/weather[@name='storm']/Wind/@max">50</set>

<set xpath="/worldgeneration/biomes/biome[@name='burnt_forest']/weather[@name='bloodMoon']/CloudThickness/@min">50</set>
<set xpath="/worldgeneration/biomes/biome[@name='burnt_forest']/weather[@name='bloodMoon']/CloudThickness/@max">50</set>
<set xpath="/worldgeneration/biomes/biome[@name='burnt_forest']/weather[@name='bloodMoon']/Precipitation/@min">0</set>
<set xpath="/worldgeneration/biomes/biome[@name='burnt_forest']/weather[@name='bloodMoon']/Precipitation/@max">0</set>
<set xpath="/worldgeneration/biomes/biome[@name='burnt_forest']/weather[@name='bloodMoon']/Wind/@min">15</set>
<set xpath="/worldgeneration/biomes/biome[@name='burnt_forest']/weather[@name='bloodMoon']/Wind/@max">20</set>

</Jacked>