<configs>

<append xpath="/buffs/buff[@name='buffStatusCheck01']/effect_group">
	<triggered_effect trigger="onSelfBuffStart" action="RemoveBuff" buff="buffrailgunchargingup"/>
</append>

	<append xpath="/buffs">
		
		<buff name="buffrailgunchargingup" hidden="true">
			<stack_type value="ignore"/>
			<update_rate value=".1"/>
			<effect_group>
				<triggered_effect trigger="onSelfBuffStart" action="ModifyCVar" cvar="$charge" operation="set" value="0.95"/>
				<triggered_effect trigger="onSelfBuffUpdate" action="ModifyCVar" cvar="$charge" operation="add" value="-.05">
					<requirement name="CVarCompare" cvar="$charge" operation="GT" value="0"/>
				</triggered_effect>
				<triggered_effect trigger="onSelfBuffStart" action="ModifyCVar" cvar="$chargeB" operation="set" value="1">
					<requirement name="RequirementItemTier" operation="Equals" value="1"/>
				</triggered_effect>
				<triggered_effect trigger="onSelfBuffStart" action="ModifyCVar" cvar="$chargeB" operation="set" value="1.1">
					<requirement name="RequirementItemTier" operation="Equals" value="2"/>
				</triggered_effect>
				<triggered_effect trigger="onSelfBuffStart" action="ModifyCVar" cvar="$chargeB" operation="set" value="1.2">
					<requirement name="RequirementItemTier" operation="Equals" value="3"/>
				</triggered_effect>
				<triggered_effect trigger="onSelfBuffStart" action="ModifyCVar" cvar="$chargeB" operation="set" value="1.3">
					<requirement name="RequirementItemTier" operation="Equals" value="4"/>
				</triggered_effect>
				<triggered_effect trigger="onSelfBuffStart" action="ModifyCVar" cvar="$chargeB" operation="set" value="1.4">
					<requirement name="RequirementItemTier" operation="Equals" value="5"/>
				</triggered_effect>
				<triggered_effect trigger="onSelfBuffStart" action="ModifyCVar" cvar="$chargeB" operation="set" value="1.5">
					<requirement name="RequirementItemTier" operation="Equals" value="6"/>
				</triggered_effect>
				<triggered_effect trigger="onSelfBuffUpdate" action="ModifyCVar" cvar="$chargeB" operation="add" value="-0.05">
					<requirement name="CVarCompare" cvar="$chargeB" operation="GT" value="0"/>
				</triggered_effect>
				<triggered_effect trigger="onSelfBuffUpdate" action="PlaySound" sound="chest_tier5_open">
					<requirement name="CVarCompare" cvar="$chargeB" operation="LT" value="0.1"/>
					<requirement name="CVarCompare" cvar="$chargeB" operation="GTE" value="-0.5"/>
				</triggered_effect>
			</effect_group>
		</buff>
		
	</append>
</configs>