<config>
	<!-- Reviewed by 7DAYSTODIE_JP. We just revised to remove some warnings/errors but did not look carefully. Join Discord to report bugs, supports and requests. Discord: https://discord.gg/Va9CMv59Ej -->
	<append xpath="/lootcontainers/lootgroup[@name='randomEliteQuests']">
		<item name="elitequestitem_toc_rickdanger_name" count="1"/>
	</append>
	<append xpath="/lootcontainers">
		<lootgroup name="groupWhiteRiverTOCRickDangerVet" loot_quality_template="questT3QualTemplate">
			<item name="vetitemreward_toc_rickdanger_name"/>
		</lootgroup>
		<lootgroup name="groupWhiteRiverTOCRickDangerElite" loot_quality_template="questT3QualTemplate">
			<item name="eliteitemreward_toc_rickdanger_name"/>
		</lootgroup>
	</append>
</config>
