<config>
	<!-- Reviewed by 7DAYSTODIE_JP. We just revised to remove some warnings/errors but did not look carefully. Join Discord to report bugs, supports and requests. Discord: https://discord.gg/Va9CMv59Ej -->
	<append xpath="/quests">
		<quest id="+Veteran Quest For Rick Danger Auger Start">
			<property name="name_key" value="vetquest_toc_rickdanger_name"/>
			<property name="subtitle_key" value="vetquest_toc_rickdanger_subtitle"/>
			<property name="description_key" value="vetquest_toc_rickdanger_description"/>
			<property name="icon" value="ui_game_symbol_map_trader"/>
			<property name="repeatable" value="false"/>
			<property name="category_key" value="quest"/>
			<property name="difficulty" value="medium"/>
			<property name="offer_key" value="vetquest_toc_rickdanger_offer"/>
			<property name="statement_key" value="vetquest_toc_rickdanger_statement"/>
			<property name="response_key" value="vetquestdialog_toc_rickdanger"/>
			<property name="group_name_key" value="vetquest_toc_rickdanger_group"/>
			<property name="shareable" value="false"/>
			<reward type="Quest" id="+Veteran Quest For Rick Danger Auger"/>
			<reward type="Item" id="questitem_vetcoin_rickdanger" value="1"/>
		</quest>
		<quest id="+Veteran Quest For Rick Danger Auger">
			<property name="name_key" value="vetquest_toc_rickdanger_name"/>
			<property name="subtitle_key" value="vetquest_toc_rickdanger_subtitle"/>
			<property name="description_key" value="vetquest_toc_rickdanger_description"/>
			<property name="icon" value="ui_game_symbol_map_trader"/>
			<property name="repeatable" value="false"/>
			<property name="category_key" value="quest"/>
			<property name="difficulty" value="medium"/>
			<property name="offer_key" value="vetquest_toc_rickdanger_offer"/>
			<property name="statement_key" value="vetquest_toc_rickdanger_statement"/>
			<property name="response_key" value="vetquestdialog_toc_rickdanger"/>
			<property name="group_name_key" value="vetquest_toc_rickdanger_group"/>
			<property name="shareable" value="false"/>
			<objective type="FetchKeep" id="resourcePotassiumNitratePowder" value="2000" phase="1"/>
			<objective type="FetchKeep" id="resourceOilShale" value="2000" phase="1"/>
			<objective type="FetchKeep" id="meleeToolAxeT3ChainsawParts" value="25" phase="1"/>
			<objective type="FetchKeep" id="resourcePaper" value="1" phase="1"/>
			<objective type="Craft" id="vetquestwrit_toc_rickdanger_name" value="1" phase="2"/>
			<reward type="Exp" value="500"/>
		</quest>
		<quest id="+Veteran Reward of Rick Danger Auger">
			<property name="name_key" value="vetquestreward_toc_rickdanger_name"/>
			<property name="subtitle_key" value="vetquestreward_toc_rickdanger_subtitle"/>
			<property name="description_key" value="vetquestreward_toc_rickdanger_description"/>
			<property name="icon" value="ui_game_symbol_map_trader"/>
			<property name="repeatable" value="false"/>
			<property name="category_key" value="quest"/>
			<property name="difficulty" value="easy"/>
			<property name="offer_key" value="vetquestreward_toc_rickdanger_offer"/>
			<property name="statement_key" value="vetquestreward_toc_rickdanger_statement"/>
			<property name="response_key" value="vetquestrewarddialog_toc_rickdanger"/>
			<property name="group_name_key" value="vetquest_toc_rickdanger_group"/>
			<property name="shareable" value="false"/>
			<property name="completiontype" value="TurnIn"/>
			<property name="reward_choices_count" value="2"/>
			<objective type="Goto" value="5" phase="1"/>
			<objective type="ReturnToNPC">
				<property name="phase" value="2"/>
				<property name="nav_object" value="return_to_trader"/>
			</objective>
			<objective type="InteractWithNPC">
				<property name="phase" value="3"/>
				<property name="nav_object" value="return_to_trader"/>
			</objective>
			<reward type="Exp" value="1500"/>
			<reward type="LootItem" id="groupQuestcasinoCoinT1" value="1"/>
			<reward type="LootItem" id="groupWhiteRiverTOCRickDangerVet" value="1"/>
			<reward type="LootItem" id="groupWhiteRiverTOCConcreteBlocks" value="1"/>
			<reward type="LootItem" id="groupQuestHelmetLightSchematic" ischosen="true" value="1"/>
			<reward type="LootItem" id="groupQuestMods" ischosen="true" value="1"/>
			<reward type="LootItem" id="groupQuestMiningHelmet" ischosen="true" value="1"/>
			<reward type="LootItem" id="groupQuestForge" ischosen="true" value="1"/>
			<reward type="LootItem" id="groupQuestNightVisionGoggles" ischosen="true" value="1"/>
			<reward type="LootItem" id="groupQuestcasinoCoinT2" ischosen="true" value="1"/>
		</quest>
		<!-- ELITE QUEST -->
		<quest id="+Elite Quest For Rick Danger Improved Auger Start">
			<property name="name_key" value="elitequest_toc_rickdanger_name"/>
			<property name="subtitle_key" value="elitequest_toc_rickdanger_subtitle"/>
			<property name="description_key" value="elitequest_toc_rickdanger_desc"/>
			<property name="icon" value="ui_game_symbol_map_trader"/>
			<property name="repeatable" value="false"/>
			<property name="category_key" value="quest"/>
			<property name="difficulty" value="hard"/>
			<property name="offer_key" value="elitequest_toc_rickdanger_offer"/>
			<property name="statement_key" value="elitequest_toc_rickdanger_statement"/>
			<property name="response_key" value="elitequestdialog_toc_rickdanger"/>
			<property name="group_name_key" value="elitequest_toc_rickdanger_group"/>
			<property name="shareable" value="false"/>
			<reward type="Item" id="questitem_elitecoin_rickdanger" value="1"/>
			<reward type="Quest" id="+Elite Quest For Rick Danger Improved Auger"/>
		</quest>
		<quest id="+Elite Quest For Rick Danger Improved Auger">
			<property name="name_key" value="elitequest_toc_rickdanger_name"/>
			<property name="subtitle_key" value="elitequest_toc_rickdanger_subtitle"/>
			<property name="description_key" value="elitequest_toc_rickdanger_desc"/>
			<property name="icon" value="ui_game_symbol_map_trader"/>
			<property name="repeatable" value="false"/>
			<property name="category_key" value="quest"/>
			<property name="difficulty" value="hard"/>
			<property name="offer_key" value="elitequest_toc_rickdanger_offer"/>
			<property name="statement_key" value="elitequest_toc_rickdanger_statement"/>
			<property name="response_key" value="elitequestdialog_toc_rickdanger"/>
			<property name="group_name_key" value="elitequest_toc_rickdanger_group"/>
			<property name="shareable" value="false"/>
			<objective type="FetchKeep" id="vetitemreward_toc_rickdanger_name" value="2" phase="1"/>
			<objective type="FetchKeep" id="meleeToolAxeT3ChainsawParts" value="35" phase="1"/>
			<objective type="FetchKeep" id="meleeToolAllSteelParts" value="35" phase="1"/>
			<objective type="FetchKeep" id="resourcePaper" value="1" phase="1"/>
			<objective type="Craft" id="elitequestwrit_toc_rickdanger_name" value="1" phase="2"/>
			<reward type="Exp" value="500"/>
			<reward type="Item" id="questitem_toc_veterancard_name" value="1"/>
		</quest>
		<quest id="+Elite Reward of Rick Danger Improved Auger">
			<property name="name_key" value="elitequestreward_toc_rickdanger_name"/>
			<property name="subtitle_key" value="elitequestreward_toc_rickdanger_subtitle"/>
			<property name="description_key" value="elitequestreward_toc_rickdanger_description"/>
			<property name="icon" value="ui_game_symbol_map_trader"/>
			<property name="repeatable" value="false"/>
			<property name="category_key" value="quest"/>
			<property name="difficulty" value="easy"/>
			<property name="offer_key" value="elitequestreward_toc_rickdanger_offer"/>
			<property name="statement_key" value="elitequestreward_toc_rickdanger_statement"/>
			<property name="response_key" value="elitequestrewarddialog_toc_rickdanger"/>
			<property name="group_name_key" value="elitequest_toc_rickdanger_group"/>
			<property name="shareable" value="false"/>
			<property name="completiontype" value="TurnIn"/>
			<property name="reward_choices_count" value="3"/>
			<objective type="Goto" value="5" phase="1"/>
			<objective type="ReturnToNPC">
				<property name="phase" value="2"/>
				<property name="nav_object" value="return_to_trader"/>
			</objective>
			<objective type="InteractWithNPC">
				<property name="phase" value="3"/>
			</objective>
			<reward type="SkillPoints" value="1"/>
			<reward type="Exp" value="2000"/>
			<reward type="LootItem" id="groupQuestcasinoCoinT2" value="1"/>
			<reward type="Item" id="questitem_toc_elitecard_name" value="1"/>
			<!-- This makes the quest repeatable -->
			<reward type="LootItem" id="groupWhiteRiverTOCRickDangerElite" value="1"/>
			<reward type="LootItem" id="groupWhiteRiverTOCConcreteBlocks" value="1"/>
			<reward type="LootItem" id="groupQuestHelmetLightSchematic" ischosen="true" value="1"/>
			<reward type="LootItem" id="groupQuestMods" ischosen="true" value="1"/>
			<reward type="LootItem" id="groupQuestMiningHelmet" ischosen="true" value="1"/>
			<reward type="LootItem" id="groupQuestForge" ischosen="true" value="1"/>
			<reward type="LootItem" id="groupQuestNightVisionGoggles" ischosen="true" value="1"/>
			<reward type="LootItem" id="groupQuestcasinoCoinT3" ischosen="true" value="1"/>
		</quest>
	</append>
</config>
