<config>
	<!-- Reviewed by 7DAYSTODIE_JP. We just revised to remove some warnings/errors but did not look carefully. Join Discord to report bugs, supports and requests. Discord: https://discord.gg/Va9CMv59Ej -->
	<append xpath="/recipes">
		<!-- The quest and goal item to craft for reward for: Bambi's Killer Bow -->
		<recipe name="vetquestitem_toc_rickdanger_name" count="1" craft_time="1" craft_exp_gain="0">
			<ingredient name="questitem_toc_veterancard_name" count="1"/>
		</recipe>
		<recipe name="vetquestwrit_toc_rickdanger_name" count="1" craft_time="90" craft_exp_gain="10000">
			<ingredient name="resourcePotassiumNitratePowder" count="2000"/>
			<ingredient name="resourceOilShale" count="2000"/>
			<ingredient name="meleeToolAxeT3ChainsawParts" count="25"/>
			<ingredient name="resourcePaper" count="1"/>
			<ingredient name="questitem_vetcoin_rickdanger" count="1"/>
		</recipe>
		<recipe name="elitequestitem_toc_rickdanger_name" count="1" craft_time="1" craft_exp_gain="0">
			<ingredient name="questitem_toc_elitecard_name" count="1"/>
		</recipe>
		<recipe name="elitequestwrit_toc_rickdanger_name" count="1" craft_time="300" craft_exp_gain="20000">
			<ingredient name="vetitemreward_toc_rickdanger_name" count="2"/>
			<ingredient name="meleeToolAxeT3ChainsawParts" count="35"/>
			<ingredient name="meleeToolAllSteelParts" count="35"/>
			<ingredient name="resourcePaper" count="1"/>
			<ingredient name="questitem_elitecoin_rickdanger" count="1"/>
		</recipe>
	</append>
</config>